EmployeeID,Name,Gender,Date of Birth,Department,Salary,Join Date,Email
E0680,Aaron Marshall,female,9/10/2001,HR,70000,16-05-2020,brownsandra@harper-franco.biz
E0129,Aaron Miller,female,11/13/1976,engineering,50000,14-02-2019,srodriguez@turner.com
E0205,Aaron Parker,female,12/11/1983,R&D,55000,16-01-2020,christopherjordan@peters.com
E0802,Aaron Stevens,Male,10/3/1979,Engineering,45000,22-06-2021,baileyjennifer@gomez-garcia.info
E0083,Adam Ballard,M,1/10/1979,Sales,55000,1/10/2024,alexandermichael@evans.info
E0006,,Female,7/21/2003,Support,not disclosed,31-08-2016,frankgray@watts.com
E0888,Adam Murphy,female,2/13/1991,R&D,55000,8/2/2025,annacruz@hotmail.com
E0724,Adam Thomas,F,10/21/1963,R&D,45000,30-03-2022,renee77@johnston-mclaughlin.com
E0907,Adam Wells,Male,3/8/1982,Sales,abc,22-10-2015,nicole20@bell.com
E0640,Adrian Rodriguez,Female,7/13/1960,Support,abc,27-08-2018,timothythomas@graham.net
E0367,Adriana Macias,Female,5/21/1989,Marketing,45000,9/4/2018,robertsonjuan@lopez.org
E0376,Adrienne Mills,M,10/27/1994,Finance,70000,29-07-2015,gwendolynstewart@yahoo.com
E0734,Alan Johnson,Male,6/10/1960,Finance,abc,9/3/2021,walkernicole@jackson.com
E0870,Alan Randolph,female,7/4/1966,Sales,55000,24-11-2023,zgordon@contreras.com
E0992,Alejandro Bentley,Female,6/6/1966,Support,45000,26-12-2023,swilliams@yahoo.com
E0926,Alex Thomas,female,3/11/2004,Sales,70000,19-07-2019,thomasroberts@garcia.com
E0728,Alexander Fowler,male,6/5/2005,HR,abc,24-04-2023,julie36@gmail.com
E0217,Alexander Garcia,Female,10/5/1987,Finance,55000,29-11-2016,michaelcooper@boyd.info
E0019,,male,12/24/1989,Marketing,abc,2/11/2017,joshuawright@gmail.com
E0873,Alexander Gibbs,female,10/7/1994,Finance,45000,7/11/2020,susanhaney@gmail.com
E0614,Alexander Hansen,male,2/5/2001,Marketing,45000,6/5/2019,sgonzalez@williams.biz
E0556,Alexander Velazquez,F,5/6/1969,Sales,50000,31-03-2023,adamrodgers@hotmail.com
E0946,Alexis Cortez PhD,Male,8/31/1964,engineering,abc,1/6/2016,cwhite@bailey-rios.com
E0591,Alfred Williams,F,5/21/1984,Marketing,not disclosed,21-05-2021,oscar65@jenkins-brown.com
E0069,Alicia Hubbard,female,10/16/1977,Finance,50000,3/4/2025,thomaspearson@white-richards.info
E0877,Allison Gross,female,4/29/1990,Engineering,not disclosed,18-07-2021,denisewalker@nichols.biz
E0001,Allison Hill,M,8/22/1974,Finance,60000,29-10-2017,garzaanthony@robinson.org
E0971,Allison Jackson,F,6/2/1964,R&D,50000,14-09-2017,zgomez@hotmail.com
E0364,Amanda Juarez,female,3/23/1975,Engineering,60000,9/7/2016,jim38@yahoo.com
E0564,Amanda Mckenzie,M,4/11/1999,Support,70000,15-08-2020,ywalker@gmail.com
E0031,,male,7/2/1971,Engineering,60000,19-06-2022,jillcook@pham-shields.com
E0575,Amanda Rodriguez,female,5/8/2004,HR,45000,9/3/2024,qwilson@jones.com
E0540,Amanda Ruiz,F,10/6/1993,Support,not disclosed,9/1/2016,zmendoza@hotmail.com
E0799,Amanda West,F,12/2/1970,Marketing,abc,11/5/2024,charlesfranco@gomez.com
E0961,Amanda Young,female,11/18/1966,engineering,60000,not available,dixonjoel@@yahoo.com
E0036,,male,3/27/1984,R&D,not disclosed,15-10-2022,cindy14@parker.com
E0179,Amber Cooper,F,10/16/1963,engineering,60000,28-08-2024,andersenthomas@ortiz-mack.biz
E0081,Amber Flynn,F,6/1/1979,HR,not disclosed,20-07-2021,hthomas@yahoo.com
E0135,Amber Rios,F,1/16/1978,Marketing,55000,27-07-2017,vpreston@yahoo.com
E0839,Amy Bailey,male,12/7/1968,Engineering,45000,19-06-2020,maryarnold@yahoo.com
E0041,,Female,7/31/1985,Engineering,not disclosed,11/11/2023,dylanwatts@gmail.com
E0944,Amy Cannon,F,12/22/1967,HR,60000,6/10/2022,darrellwilson@@hotmail.com
E0688,Ana Anderson,female,11/17/1963,HR,50000,14-08-2017,nicoledaniel@yahoo.com
E0424,Andrea Conley,M,4/13/1968,R&D,60000,29-06-2018,daniellee@duncan.info
E0102,Andrea Decker,M,10/18/1965,HR,55000,not available,lisa80@frye.biz
E0372,Andrea Gray,Female,6/13/1968,Engineering,70000,19-04-2017,alexandrablankenship@barnes.info
E0936,Andrea Lopez,M,2/26/2003,engineering,not disclosed,8/6/2024,marisahudson@yahoo.com
E0067,Andrea Martin,M,5/20/1980,Finance,45000,18-02-2025,smartinez@yahoo.com
E0566,Andrea Reese DDS,M,12/9/1997,Support,not disclosed,14-11-2022,hmccann@@yahoo.com
E0346,Andrew Blackwell,male,5/28/1985,Engineering,45000,19-05-2017,amber40@hotmail.com
E0383,Andrew Greene,M,7/21/1994,Finance,70000,24-05-2019,warddiana@miller.biz
E0958,Andrew Howard,Male,11/7/2002,R&D,not disclosed,2/12/2024,fbrown@prince-arnold.com
E0091,Andrew Johnson,Female,12/22/1992,Support,60000,5/6/2017,paigetaylor@watson-avery.net
E0431,Andrew Mitchell,male,7/24/1960,HR,not disclosed,not available,adam33@smith-short.com
E0518,Andrew Myers,Female,10/8/1969,engineering,55000,23-01-2021,robertsonshelby@yahoo.com
E0908,Andrew Smith,M,3/26/1979,Finance,70000,3/5/2019,kimberlygarcia@rogers.net
E0057,,female,2/9/1987,R&D,70000,6/10/2023,fbrewer@mcguire-davis.com
E0007,Andrew Stewart,Male,9/2/1977,Engineering,not disclosed,30-07-2016,jason76@ellis.net
E0589,Andrew Thompson,male,4/28/2004,Marketing,70000,10/8/2020,tjordan@price.info
E0499,Andrew Webb,F,7/14/1984,HR,50000,18-05-2017,thomasjessica@yahoo.com
E0158,Andrew Williams,M,2/11/1982,HR,70000,6/7/2023,catherinerobertson@yahoo.com
E0245,Angela Herrera,M,5/16/2001,engineering,55000,18-01-2018,collinswilliam@gmail.com
E0279,Angela Jackson,Female,1/1/1985,Sales,abc,10/3/2018,morgantricia@bush-reynolds.com
E0023,Angela Lopez,M,12/11/1999,HR,60000,10/8/2016,kwilson@riley.org
E0797,Angela Mitchell,F,30-02-1993,HR,not disclosed,20-08-2015,timothyrobertson@@hotmail.com
E0389,Angela Velazquez,F,11/18/1991,Support,60000,16-10-2020,patriciaadams@hotmail.com
E0956,Angela Wright,Female,5/22/1996,Support,50000,26-06-2020,rjohnson@yahoo.com
E0460,Ann Nguyen,female,8/3/2003,Support,70000,not available,wilsonshannon@miller-zimmerman.net
E0827,Anna White,male,1/16/1972,Finance,60000,13-06-2018,lharding@campbell.biz
E0398,Anne Garner,M,2/16/1977,Engineering,50000,4/8/2021,maurice61@yahoo.com
E0337,Anthony Adams,F,5/28/1970,R&D,55000,29-04-2020,maryvaughn@yahoo.com
E0178,Anthony Anderson,Female,9/21/1987,Sales,55000,23-03-2023,tchambers@johnson.com
E0061,Anthony Carter,Male,1/17/1968,Marketing,abc,21-10-2023,andrewstaylor@peterson-sheppard.com
E0501,Anthony Cooper,M,3/9/1960,Support,not disclosed,6/6/2023,vberry@yahoo.com
E0925,Anthony Martinez,Male,12/25/1986,Engineering,not disclosed,6/9/2023,meaganpayne@maldonado.biz
E0009,Anthony Rodriguez,Male,2/24/2002,Marketing,45000,5/3/2018,cruzcaitlin@yahoo.com
E0328,Anthony Walker,Male,5/18/1990,engineering,50000,5/2/2021,jennifer11@hotmail.com
E0694,Antonio Johnson,male,10/8/1980,Engineering,60000,23-07-2016,ellisonscott@bishop-reynolds.com
E0079,,Male,10/23/1981,Support,45000,12/7/2024,courtney78@gmail.com
E0494,April Castro,Female,11/25/1983,Marketing,abc,26-04-2017,youngjacqueline@yahoo.com
E0332,April Fitzgerald,F,2/5/1997,Finance,70000,25-10-2022,heatherthompson@gmail.com
E0256,April Sandoval,F,5/18/1980,HR,70000,21-03-2017,robertwoodward@dawson.com
E0551,Arthur Wiggins,Female,4/6/1975,HR,50000,not available,plane@hotmail.com
E0168,Ashlee Townsend,M,10/21/1959,engineering,70000,24-10-2024,edelgado@santos-avila.com
E0468,Ashley Blair,male,4/3/2002,Finance,abc,13-06-2024,mramsey@mitchell.net
E0545,Ashley Diaz,female,8/1/2001,HR,70000,23-02-2016,gregory81@hotmail.com
E0315,Ashley Higgins,M,6/19/1967,HR,45000,5/4/2020,jimenezchelsea@decker-dudley.com
E0517,Ashley Jones,female,5/1/1998,Marketing,45000,19-09-2019,mosleyeduardo@hotmail.com
E0029,Ashley Landry,Female,8/5/1969,Finance,not disclosed,25-09-2024,brandi26@williams.com
E0034,Ashley Waller,Female,8/9/1971,Support,not disclosed,30-04-2025,rodriguezryan@@hotmail.com
E0645,Audrey Dean,M,6/4/2003,Support,abc,8/5/2021,ssmith@hotmail.com
E0986,Audrey Marshall,M,2/25/1981,engineering,50000,20-05-2017,xbush@yahoo.com
E0244,Austin Baker,M,2/28/1962,Finance,50000,24-06-2016,courtney86@yahoo.com
E0381,Austin Walker,F,11/24/1964,Finance,abc,4/2/2016,hmendez@yahoo.com
E0667,Autumn Torres,female,12/7/1984,engineering,not disclosed,11/8/2020,jjohnson@gmail.com
E0368,Bailey Hall,F,12/3/1981,Marketing,50000,19-05-2017,lmendoza@gmail.com
E0157,Barbara Hester,Male,4/4/1986,Engineering,60000,not available,kari39@@hotmail.com
E0435,Barbara Townsend,female,11/15/2003,HR,55000,25-08-2015,torresblake@hotmail.com
E0942,Benjamin Butler,F,2/16/2001,Finance,70000,27-10-2016,josephwilliams@gmail.com
E0845,Beth Lewis,male,7/30/2001,Support,45000,27-05-2016,vwhite@jacobs.info
E0258,Bianca Carter,female,11/20/1980,Engineering,55000,19-02-2022,shawn31@gmail.com
E0525,Bianca Jackson,male,11/7/1962,engineering,45000,5/9/2020,lcarr@meyers.com
E0714,Bill Valenzuela,Female,6/30/1979,Sales,60000,27-12-2023,sara11@ward.com
E0287,Blake Vega,Male,3/11/1973,Marketing,55000,19-12-2017,renee11@yahoo.com
E0500,Blake Wu,M,6/21/1965,Support,abc,16-08-2019,suttonamber@hotmail.com
E0107,Brad Ramos,Female,4/21/1988,engineering,55000,18-09-2023,wnelson@hotmail.com
E0628,Brad Rivas,Male,5/1/2004,Sales,45000,13-08-2023,brooke05@gmail.com
E0522,Bradley Chen,F,5/6/1972,Finance,not disclosed,31-10-2017,anthonydavies@burns.net
E0612,Bradley Moore,F,8/4/1994,HR,60000,31-08-2017,shannon24@gmail.com
E0479,Brandi Hardy,female,30-02-1993,R&D,50000,17-01-2022,collinsbradley@wiggins.com
E0111,,F,8/19/1998,Finance,70000,3/10/2022,zroberts@gmail.com
E0791,Brandon Blankenship,female,1/17/1978,HR,70000,10/12/2017,alejandro63@@lynn-patton.com
E0626,Brandon Oneill,female,9/30/1971,HR,60000,25-04-2018,brandybonilla@hotmail.com
E0894,Brandon Ramsey,M,30-02-1993,Sales,55000,6/8/2024,greenkristen@@williams.com
E0980,Brandon Taylor III,F,12/16/2004,R&D,not disclosed,7/6/2017,garnerjeffrey@gmail.com
E0405,Brandy Fry,Male,2/25/1996,engineering,55000,19-06-2018,omills@hotmail.com
E0922,Brent Roberts,female,3/19/1992,Sales,70000,1/2/2021,yangemily@@love.net
E0902,Brent Wong,F,3/17/1988,HR,70000,2/10/2018,richardwheeler@hotmail.com
E0300,Brian Brown,Female,4/8/1978,Engineering,70000,25-12-2020,diana43@gmail.com
E0512,Brian Griffin,M,5/20/1974,Finance,55000,9/4/2020,austinharvey@gmail.com
E0847,Brian Miller,female,7/1/2000,Sales,45000,27-02-2021,julianweaver@lewis.com
E0481,Brian Mullen,M,7/14/1997,R&D,70000,not available,amydunn@thomas-bush.com
E0800,Brian Sloan,female,6/12/1976,engineering,45000,15-08-2024,kevin44@smith.org
E0729,Brian Stark,M,9/17/1981,Engineering,not disclosed,8/5/2023,jjones@hotmail.com
E0209,Brian Torres,Female,5/18/1986,R&D,50000,7/2/2021,scott69@gmail.com
E0096,Brianna Anderson,M,7/5/1976,Finance,not disclosed,3/6/2018,andersonmichael@chapman.com
E0400,Brianna Jackson,M,5/30/1982,Marketing,abc,18-08-2022,millermatthew@yahoo.com
E0900,Bridget Walter,male,12/14/1966,R&D,not disclosed,18-07-2019,blopez@stanley-chavez.com
E0748,Brittany Barber,M,12/17/1976,Finance,45000,4/12/2021,shawn68@hotmail.com
E0834,Brittany Contreras,Male,12/22/1979,Sales,not disclosed,2/5/2020,nelsonvictor@yahoo.com
E0653,Brittany Cox,Male,10/29/1968,Support,45000,18-07-2017,xmontes@sanchez.com
E0615,Brittany Rubio,Female,1/11/1971,R&D,60000,6/2/2025,higginsryan@wilcox-snyder.com
E0040,Brittany Williams,Female,10/14/1991,Marketing,70000,9/9/2016,kmercado@gmail.com
E0246,Brittney Murphy,female,5/11/1999,R&D,45000,29-07-2016,pblair@gmail.com
E0531,Bruce Moreno,Female,12/18/1965,HR,60000,10/8/2021,qtownsend@hill.com
E0136,,Male,10/6/1985,Support,55000,21-03-2021,xholt@adams.biz
E0622,Bruce Williams,M,2/26/1968,Support,50000,11/12/2023,sara44@hotmail.com
E0393,Bryan Holmes,F,12/6/1980,Sales,50000,6/8/2015,nicolasgarcia@salazar-green.net
E0782,Bryan Miller,F,9/28/1992,Sales,abc,15-02-2024,matthewsvanessa@hill-mcgee.org
E0609,Caitlin Gonzales,Male,1/13/1981,HR,55000,13-05-2022,michelle77@gutierrez.com
E0876,Caitlin Morris,F,30-02-1993,Engineering,not disclosed,14-01-2017,xsmith@hernandez.com
E0461,Caitlin Pierce,F,6/10/1962,Marketing,55000,11/5/2018,fernandothomas@hotmail.com
E0314,Caleb King,male,11/14/1969,R&D,70000,12/12/2018,robert18@dean-haynes.biz
E0097,Cameron Fisher,F,3/9/1967,engineering,70000,13-07-2016,gstrickland@hotmail.com
E0404,Cameron Rose,Female,1/23/1971,Engineering,70000,9/12/2015,michelle57@proctor-fernandez.com
E0052,Carla Collins,Female,10/31/1998,Finance,55000,21-11-2015,tsanders@gmail.com
E0395,Carlos Johnston,M,1/3/1975,Marketing,50000,24-02-2017,angelachase@gmail.com
E0017,Carlos Walls,female,4/24/1998,Sales,45000,3/4/2025,kristenaguirre@gmail.com
E0149,,Female,30-02-1993,R&D,45000,23-03-2016,katiebutler@hotmail.com
E0226,Carol Ellis,Female,2/27/1993,Marketing,60000,20-10-2024,adamsamy@@weaver-sherman.info
E0123,Carol Kim,male,5/30/1987,Sales,45000,25-08-2021,wbishop@bowers.info
E0482,Carolyn Collins,Male,7/3/1982,Engineering,45000,not available,andersonthomas@hotmail.com
E0112,Carolyn Meza,Male,10/5/1990,Engineering,not disclosed,10/8/2021,prichard@chapman-warren.biz
E0118,Carrie Wright,M,3/29/1989,Support,55000,5/12/2022,nathan46@schroeder-shelton.com
E0087,Casey Anderson,M,2/28/1996,Support,70000,4/9/2021,jonathansummers@yahoo.com
E0516,Cassandra Vasquez,male,30-02-1993,HR,45000,25-08-2024,christinarodriguez@yahoo.com
E0252,Cassidy Horne,F,11/9/1961,engineering,not disclosed,9/11/2024,marcbutler@hotmail.com
E0569,Catherine Davis,female,10/29/1970,R&D,45000,13-09-2024,margaret44@hotmail.com
E0627,Catherine Knapp,F,3/15/1976,engineering,55000,not available,anthony16@garza-bean.com
E0676,Catherine Reeves,F,9/25/1979,HR,not disclosed,1/2/2022,douglas54@david-lam.com
E0375,Cesar Woods,male,4/11/1975,Support,50000,16-11-2016,ascott@hotmail.com
E0162,,Male,7/4/1969,Engineering,50000,28-07-2019,leescott@hernandez-vaughn.biz
E0580,Chad Farmer,male,1/26/1979,HR,abc,5/12/2024,murphydarrell@bryant-fitzgerald.info
E0602,Chad Green,Female,5/10/1978,Engineering,45000,26-10-2024,stuarttodd@@brown.com
E0741,Chad Jimenez,male,30-02-1993,Marketing,abc,not available,dawnyoung@hotmail.com
E0537,Chad York,male,8/29/1990,Marketing,60000,26-07-2022,jeffrey49@clarke.org
E0272,Charles Bush,Male,2/2/1969,Engineering,70000,4/5/2017,brookssheri@yahoo.com
E0229,Charles Clark,Female,7/14/1973,Engineering,abc,17-06-2016,candice25@hotmail.com
E0319,Charles Holland,M,10/25/1981,Engineering,not disclosed,14-07-2021,natalie15@yahoo.com
E0718,Charles Russo,Male,3/31/1980,Support,50000,14-08-2015,matthew66@hotmail.com
E0379,Charles Shields,Female,7/22/1967,Engineering,70000,12/5/2019,craigromero@yahoo.com
E0153,Charles Williams,male,8/5/1985,Support,50000,26-07-2022,lisapeck@edwards.net
E0170,Charlotte Curry,Female,2/24/1979,Sales,not disclosed,2/2/2016,ashley15@gibson-davidson.net
E0755,Chelsea Henderson,female,7/1/1988,Support,70000,3/10/2019,uwillis@yahoo.com
E0828,Chelsea Thomas,Female,6/20/1988,Sales,70000,16-08-2019,hgarcia@gmail.com
E0616,Cheryl Atkins,M,7/26/1977,R&D,70000,8/5/2020,nanderson@hotmail.com
E0759,Cheryl Bird,F,4/9/1987,Marketing,not disclosed,13-12-2022,christophermiller@hill.com
E0037,Cheryl Ortega,female,4/2/1985,Engineering,50000,31-05-2018,akelley@yahoo.com
E0124,Cheyenne Gregory,female,30-02-1993,Support,not disclosed,12/12/2022,kimberly88@yahoo.com
E0601,Chris Johnson,male,8/1/1980,Engineering,60000,8/5/2023,chenderson@gmail.com
E0195,Chris Robinson,F,6/26/1990,HR,not disclosed,19-10-2021,bhopkins@patel.com
E0559,Christie Fox,M,5/13/1978,R&D,not disclosed,13-10-2018,ryansean@rosario.info
E0084,Christina Cruz,M,5/2/1992,Finance,60000,7/4/2017,karmstrong@haney-phillips.biz
E0340,Christina Hardy,male,30-02-1993,Sales,70000,15-06-2020,tonyajones@gmail.com
E0642,Christina Hudson,female,2/9/1986,Support,70000,26-04-2016,garciamelanie@@yahoo.com
E0701,Christina Jones,Female,5/3/1972,Engineering,70000,19-07-2023,melissa95@hotmail.com
E0450,Christina Taylor,F,2/5/1995,Finance,60000,2/10/2017,dianacunningham@gmail.com
E0335,Christina Weber,Female,30-02-1993,Finance,45000,29-04-2021,williambenson@page-hodges.net
E0030,Christine Wright,Female,6/12/1966,Sales,45000,20-06-2021,sarayoung@gmail.com
E0546,Christine Zavala,M,9/10/1975,Engineering,70000,19-08-2024,wmclaughlin@pitts.com
E0654,Christopher Adams,F,9/11/1987,HR,not disclosed,2/8/2021,karenmoreno@taylor.biz
E0984,Christopher Barnes,male,5/9/1977,engineering,45000,3/12/2021,todd24@golden.info
E0003,Christopher Bernard,M,5/11/1982,Support,60000,11/3/2017,wdavis@baker.com
E0529,Christopher Davis,Male,10/21/2003,Engineering,70000,12/4/2020,nschwartz@gmail.com
E0745,Christopher Dunn,female,5/11/1973,Engineering,45000,22-06-2019,thardy@griffith.biz
E0621,Christopher Jackson,male,12/27/1992,Engineering,45000,22-03-2021,christopherpage@@yahoo.com
E0182,Christopher Lopez,F,2/17/1967,Marketing,55000,1/1/2016,allencarlos@hotmail.com
E0577,Christopher Mason,male,3/1/2001,Marketing,70000,26-07-2019,weisskathryn@robinson.net
E0736,Christopher Morales,Female,12/21/1980,R&D,45000,28-08-2015,stephenjones@yahoo.com
E0887,Christopher Morris,M,2/7/1972,Sales,70000,15-07-2021,lewisnathan@chan.com
E0201,,Male,9/8/1964,Engineering,45000,17-07-2020,ashleyatkinson@mosley.com
E0290,Christopher Powell,male,7/10/2001,Engineering,abc,15-04-2022,vpreston@young.com
E0297,Cindy Walker,Male,10/9/1974,engineering,60000,20-12-2018,xpalmer@hotmail.com
E0093,Claudia Wallace,F,7/9/1975,Engineering,55000,15-08-2021,amy50@hill-donaldson.info
E0758,Cody Taylor,F,7/22/1992,Engineering,not disclosed,19-07-2018,nbradley@harris.com
E0042,Colleen Brock,Male,9/12/1994,Finance,55000,10/5/2023,samanthamartinez@solis.net
E0899,Colleen Cox,Female,3/29/1990,Finance,not disclosed,9/3/2024,rlopez@martin-parker.org
E0768,Connie Scott,Male,11/12/1991,Finance,abc,18-07-2017,sdavis@wiggins-huynh.org
E0440,Connor Cooper,female,1/20/2004,Support,not disclosed,12/11/2015,vanessajensen@yahoo.com
E0033,Corey Murphy,female,3/5/1964,Sales,not disclosed,14-03-2020,ifrazier@yahoo.com
E0211,,Male,8/17/1981,Finance,55000,6/11/2021,kdiaz@gmail.com
E0294,Corey Whitaker,M,5/17/1963,Finance,abc,12/9/2019,xwilliams@gonzalez.biz
E0775,Courtney Fitzgerald,F,8/20/1971,HR,45000,not available,tracey20@hotmail.com
E0772,Courtney Foster,female,1/31/1996,HR,60000,16-04-2023,lisaphillips@gmail.com
E0104,Courtney Rodriguez,Female,4/22/1997,Sales,55000,14-09-2021,audrey68@austin.com
E0304,Courtney Walker,Male,5/7/1980,Marketing,55000,9/8/2022,jorge47@gmail.com
E0114,Craig Morrison,Male,1/22/2004,engineering,70000,25-09-2016,kmarshall@@cole.org
E0002,Cristian Santos,female,7/14/1996,Support,not disclosed,not available,zlawrence@blake.biz
E0309,Curtis Watson,F,5/29/1960,engineering,not disclosed,7/12/2020,rhodescourtney@perez.com
E0301,Cynthia Brown,Male,4/13/2000,Sales,55000,29-04-2022,jenniferrios@yahoo.com
E0080,Cynthia Cohen,female,1/3/1979,Support,abc,28-04-2019,wgood@@padilla.com
E0608,Cynthia Ramos,M,12/27/1959,Finance,60000,19-02-2022,christopher34@gmail.com
E0051,Cynthia Wells,F,3/28/1967,HR,70000,not available,xlyons@jackson-lawson.com
E0848,Dakota Hickman,Male,10/22/1975,Finance,70000,12/1/2020,elliottkristy@williams.com
E0225,,M,30-02-1993,Finance,50000,7/10/2023,cunninghamlaura@carter.com
E0826,Damon Soto,female,5/13/1986,Finance,abc,6/2/2018,jessicahamilton@gmail.com
E0442,Dana Oliver,male,7/2/1969,engineering,55000,6/5/2020,heather14@ruiz-rivera.net
E0228,,female,5/1/1989,HR,55000,13-06-2017,lisamatthews@callahan-bishop.biz
E0255,Dana Richardson,M,1/9/1993,R&D,60000,11/10/2018,adamortiz@weaver.com
E0905,Daniel Floyd,F,2/9/1983,Marketing,abc,8/5/2020,daviswesley@hotmail.com
E0094,Daniel Fowler,female,11/26/1960,R&D,not disclosed,24-04-2016,vanessabuchanan@gmail.com
E0889,Daniel Hoffman,male,10/26/2000,R&D,not disclosed,21-09-2016,ustewart@gmail.com
E0265,Daniel Lopez,Male,6/30/1978,HR,50000,15-01-2023,mendezchristina@phillips.com
E0914,Daniel Petersen,M,11/8/1967,Engineering,60000,10/5/2016,adam50@gmail.com
E0056,Daniel Salinas,M,8/12/1982,Marketing,60000,17-03-2020,blackjames@gmail.com
E0795,Danielle Franklin,M,8/9/1990,engineering,60000,26-07-2018,lauren84@yahoo.com
E0813,Danielle Jacobson,Female,10/27/1971,Sales,50000,24-02-2016,guerreromarc@kennedy-kerr.com
E0457,Danielle Medina,F,2/14/1962,Support,55000,9/12/2024,leescott@yahoo.com
E0943,Danny Bell MD,F,12/13/1974,engineering,60000,26-10-2015,ayalalisa@franklin.com
E0058,David Beck,female,7/25/1984,Sales,45000,3/7/2023,jbarajas@yahoo.com
E0013,David Bradley,F,10/23/1964,Support,45000,28-11-2016,spenceamanda@gmail.com
E0959,David Buchanan,M,2/10/1977,Marketing,70000,15-11-2023,crystalthomas@douglas.com
E0243,,male,6/7/1968,HR,not disclosed,12/1/2022,amy27@gmail.com
E0086,David Campos,female,4/23/2004,Engineering,50000,11/10/2017,parkerscott@diaz.com
E0586,David Crawford,male,3/19/2002,Sales,70000,28-09-2017,rojasmaria@gregory-stanton.biz
E0957,David Delgado,Female,10/28/2000,Support,60000,30-08-2015,ashley54@wallace.info
E0247,,F,2/2/1976,Support,abc,1/12/2016,chavezchelsea@yahoo.com
E0814,David Henry,female,3/14/1982,Finance,abc,18-08-2020,caldwellfelicia@rivera.com
E0722,David Keller,Female,3/19/1964,Sales,45000,10/3/2023,april25@myers-mayo.com
E0746,David Mitchell,male,12/15/1989,Engineering,abc,17-11-2018,xmiller@@yahoo.com
E0049,David Murphy,M,5/24/1990,Sales,55000,4/1/2021,aramirez@yahoo.com
E0693,David Peterson,female,2/26/1963,Support,60000,15-02-2021,parsonschristine@@garrett.com
E0271,David Robinson,Male,4/11/1995,Support,55000,not available,samantha32@love-sellers.com
E0071,David Wilson,female,12/15/1986,engineering,60000,16-03-2024,mgutierrez@cox.com
E0192,Dean Donovan,female,11/11/1998,Support,45000,22-07-2022,jameshall@hotmail.com
E0649,Dean Rhodes,female,5/5/1971,Sales,70000,7/1/2024,morgandaniel@martinez.info
E0844,Deanna Armstrong,female,4/11/1980,Finance,45000,27-04-2019,josephdavis@yahoo.com
E0988,Deborah Stewart,Female,1/31/1986,Support,55000,21-12-2022,dgreen@yahoo.com
E0174,Deborah Ward,F,7/14/1975,Finance,70000,5/7/2016,zparker@shaw.com
E0673,Denise Harris,M,11/21/1998,Engineering,45000,4/1/2023,richard07@morgan.biz
E0323,Dennis Edwards,F,3/2/1995,Marketing,not disclosed,6/4/2025,april91@stanley-wright.com
E0284,Dennis Marshall,male,11/6/1974,Support,55000,8/1/2020,karencontreras@barnett.biz
E0066,Dennis Moody,F,8/3/1999,HR,not disclosed,not available,stephensdeborah@yahoo.com
E0966,Derrick Huff,F,5/25/1979,HR,55000,9/8/2019,laurenmadden@gmail.com
E0394,Derrick Mullen,female,10/19/1982,engineering,abc,4/9/2021,acoleman@goodwin.info
E0515,Destiny Brown,F,11/23/1985,Finance,45000,10/2/2021,stephanie42@jones-krause.com
E0504,Diana Anderson,F,7/28/1978,Support,not disclosed,19-02-2020,figueroacassandra@hotmail.com
E0200,Diana Daniels,Male,3/27/2004,R&D,abc,5/1/2016,alexis39@goodwin.biz
E0269,,Female,8/17/1998,Finance,60000,22-01-2022,gregorywatkins@@hotmail.com
E0825,Diana Scott,Female,7/7/1960,Marketing,60000,5/8/2024,qbautista@walters.com
E0075,Diane Evans,Male,5/24/1999,Support,not disclosed,26-04-2025,seanwashington@yahoo.com
E0568,Dominic Barnes,Male,9/5/1983,Sales,50000,12/4/2016,alyssa18@gmail.com
E0675,Dominique White,female,7/20/1965,engineering,60000,28-01-2018,dgregory@hotmail.com
E0105,Donald Farmer,Female,7/30/1982,Sales,60000,4/6/2021,mollyknight@jones-figueroa.com
E0417,Donald Wilson,male,12/30/1975,HR,not disclosed,9/8/2015,jbarker@@townsend-wright.info
E0184,Donna Cabrera,F,8/28/1998,engineering,55000,16-11-2020,kevinthomas@hotmail.com
E0743,Donna Johnson,male,12/29/1981,HR,not disclosed,not available,amberknox@mcneil.com
E0027,Douglas Clark,F,10/14/1982,Sales,50000,1/12/2018,dking@gmail.com
E0854,Douglas Cox,Female,7/10/1965,Finance,60000,30-08-2016,escott@@hines-ramos.com
E0681,Dr. Christy Pittman MD,Male,6/9/1970,Marketing,70000,15-07-2024,christopher12@hawkins.org
E0099,Dr. Jessica Rodriguez DDS,female,8/20/1989,engineering,55000,13-09-2016,charlene12@weber-richards.com
E0466,Duane Guerrero,M,12/10/1999,Marketing,not disclosed,10/3/2025,xcurry@davis.com
E0561,Dustin Bell,female,10/9/1989,Finance,70000,30-12-2024,jessicawallace@lara-roberts.biz
E0969,Dustin Edwards,female,12/30/1964,R&D,50000,27-05-2022,barbarachen@gmail.com
E0470,Dylan Lee,male,7/1/1967,HR,abc,11/11/2015,mclaughlinjared@hotmail.com
E0809,Dylan Tucker,male,8/22/1988,Engineering,55000,1/9/2019,johnwang@gamble-wright.biz
E0401,Eddie Adams,Male,4/27/2003,Engineering,60000,7/3/2022,xnorman@hotmail.com
E0948,Eileen Valdez,M,4/21/1995,R&D,45000,2/1/2020,brownrachel@hotmail.com
E0289,,Female,8/22/1966,engineering,60000,9/1/2025,mikayla56@reyes-washington.org
E0597,Elizabeth Brock,female,11/29/1988,Finance,not disclosed,21-08-2024,robertking@hotmail.com
E0291,,female,10/29/1960,Finance,not disclosed,14-03-2021,juan71@gmail.com
E0088,Elizabeth Harrell,male,4/16/1967,Marketing,50000,3/6/2023,karenperez@ramsey.net
E0721,Elizabeth Jackson,M,5/18/2005,Finance,55000,9/11/2024,serranocarrie@lopez.biz
E0064,Elizabeth Oliver DDS,Female,3/16/1966,engineering,50000,27-12-2018,donna23@arnold.com
E0295,,F,9/10/2002,HR,not disclosed,23-07-2017,nathanwheeler@horne.org
E0452,Elizabeth Reese,Female,10/15/2002,Marketing,50000,10/2/2020,daniellopez@jensen.org
E0316,Elizabeth Williams,Female,3/24/1993,Finance,50000,not available,jimmy01@@gmail.com
E0134,Emily Collins,Female,7/20/1986,engineering,not disclosed,9/9/2024,benjamin34@yahoo.com
E0771,Emily Lawrence,male,5/15/1972,Support,60000,20-01-2022,kelsey28@hotmail.com
E0159,Emily Long,female,5/28/2001,HR,70000,17-07-2020,terickson@yahoo.com
E0397,Emily Tucker,male,7/12/1976,Marketing,50000,6/1/2025,kgarcia@lewis.info
E0751,Eric Archer,female,4/19/1964,Engineering,60000,29-05-2022,cruzariel@hines.com
E0303,,M,11/18/1979,HR,70000,6/5/2018,connor24@stokes.com
E0757,Eric Benitez,Female,11/29/1992,engineering,not disclosed,24-06-2015,ayalarobert@pena-quinn.com
E0520,Eric Brown,Male,6/27/2003,Marketing,55000,29-12-2016,christopher74@hotmail.com
E0015,Eric Carney,female,9/4/2003,Sales,50000,21-10-2021,omartinez@gmail.com
E0307,,Female,12/13/1964,R&D,not disclosed,30-09-2023,lawrencebrown@yahoo.com
E0109,Eric Clark,F,10/15/1968,Engineering,60000,not available,david76@gmail.com
E0462,Eric Cross,female,10/26/1989,Marketing,70000,13-05-2020,roachsusan@dean.com
E0310,,F,3/23/1968,engineering,abc,14-03-2017,gary04@yahoo.com
E0565,Eric Davidson,female,10/8/2002,engineering,70000,29-06-2023,robert73@wilson.info
E0312,,Female,11/26/1986,Engineering,abc,11/10/2015,jessicaanderson@johnson.com
E0313,,Female,30-02-1993,Support,60000,21-10-2019,stanleydesiree@williams.biz
E0641,Eric Ford,female,9/16/1991,Marketing,60000,18-08-2022,martinelijah@wallace.info
E0699,Eric Graham,Male,10/20/2003,HR,45000,15-07-2021,dylanparker@yahoo.com
E0934,Erica Hale,Male,2/24/1985,R&D,55000,19-09-2017,johnnykim@perez-harmon.biz
E0735,Erica Sims,F,12/17/2001,Finance,abc,22-12-2018,nmartinez@gmail.com
E0807,Erika Duran,Female,8/30/1986,Engineering,45000,28-12-2023,danielrodriguez@gmail.com
E0534,Erika Gonzalez,F,8/12/1981,Engineering,60000,14-05-2019,jeremy36@bennett.com
E0359,Erin Castillo,female,10/4/1989,Engineering,not disclosed,22-07-2021,larnold@hotmail.com
E0587,Erin Turner,Male,11/11/2001,Sales,not disclosed,2/2/2017,msparks@bates-henry.com
E0436,Erin Wolfe,M,11/16/1969,Sales,not disclosed,23-04-2016,kmullins@@hotmail.com
E0224,Ernest Hayes,Female,2/6/1963,HR,50000,23-07-2021,ytaylor@wagner.biz
E0275,Evan Lamb,M,30-02-1993,HR,45000,18-03-2019,vtaylor@young.com
E0147,Frank Fletcher,F,12/31/1982,R&D,60000,12/4/2024,kingcynthia@hotmail.com
E0221,Gabriel Ellis,F,4/21/1977,Engineering,60000,12/10/2023,lcarr@gmail.com
E0273,Gabrielle Morris,female,3/3/1970,Engineering,60000,19-11-2022,grant89@yahoo.com
E0692,Gary Brown,female,1/1/2002,Marketing,70000,5/2/2017,breynolds@robles.com
E0702,Gary Garcia,M,30-02-1993,HR,55000,21-11-2023,fowlerheather@hanson-allen.com
E0325,Gary Ramirez,male,12/12/1993,R&D,45000,29-03-2019,fmontoya@yahoo.com
E0045,George Orozco,male,12/7/1964,Marketing,abc,21-10-2017,patrickhernandez@brown.com
E0650,Gerald Kelly,Male,8/18/1962,Support,45000,5/12/2024,melissarusso@hotmail.com
E0770,Gerald Vargas,Female,4/3/1972,Engineering,45000,5/6/2017,melissafinley@hotmail.com
E0478,Gerald Webb,male,1/31/1995,HR,45000,not available,kaylagarcia@hotmail.com
E0852,Gina Ward,Female,10/10/1988,HR,not disclosed,18-02-2016,jasonbishop@gmail.com
E0633,Glenn Ford,Female,9/17/1974,Sales,abc,2/2/2018,robertssamuel@yahoo.com
E0329,Glenn Gallegos,M,4/28/1979,Sales,50000,8/10/2024,williamsfrank@gmail.com
E0769,Greg Kent,Female,6/3/1985,Sales,abc,4/1/2025,jeffreywilson@gmail.com
E0646,Gregg Hall,Female,5/27/1974,engineering,50000,13-06-2025,sanderson@hotmail.com
E0487,Gregory Andrews,M,1/7/1994,HR,abc,15-03-2017,nguyendebra@yahoo.com
E0341,,F,30-02-1993,engineering,55000,25-06-2017,pattersonangela@gmail.com
E0915,Gregory Campbell,F,8/12/1993,engineering,not disclosed,28-12-2024,reevesdouglas@gonzalez.com
E0343,,male,11/21/1996,Marketing,not disclosed,18-07-2021,alicia28@hartman.biz
E0406,Gregory Fernandez,M,7/18/1965,engineering,45000,20-12-2022,robert24@gmail.com
E0808,Gregory Smith,Female,30-02-1993,R&D,abc,3/5/2016,vbray@gmail.com
E0296,Hailey Monroe,male,1/20/1977,Marketing,not disclosed,not available,hughesfrank@hotmail.com
E0347,,Female,12/19/1984,engineering,not disclosed,14-03-2024,pwilliams@gmail.com
E0348,,Female,4/1/1981,R&D,abc,12/3/2024,jacksonstephanie@ferguson.com
E0132,Haley Quinn,male,3/16/2002,Support,70000,20-03-2017,bradleypayne@hotmail.com
E0883,Hannah Arnold,male,6/25/1979,engineering,45000,26-05-2023,zhunt@@gmail.com
E0765,Hannah Crosby,Female,11/8/1991,Engineering,55000,28-02-2017,catherine28@hotmail.com
E0447,Harold Garrett,male,7/11/1975,engineering,45000,24-12-2023,garrettnatasha@gmail.com
E0278,Heather Bennett,male,1/30/1992,engineering,50000,not available,shannonlloyd@phillips.com
E0354,,female,1/26/1969,Support,50000,19-07-2017,armstrongphillip@arroyo.com
E0704,Heather Hester,F,1/1/1973,R&D,60000,26-10-2018,jefferygreen@gmail.com
E0116,Heather Jones,female,11/15/1990,Marketing,abc,not available,woodjustin@lin.net
E0685,Heather Thompson,M,1/10/1960,HR,not disclosed,29-07-2017,sharon70@gmail.com
E0358,,Male,12/23/1980,Marketing,not disclosed,27-09-2022,edwardskristen@singh.com
E0937,Heather Yoder,M,10/31/1968,Marketing,not disclosed,5/8/2016,egarrett@hotmail.com
E0805,Hector Hamilton,female,11/24/1983,HR,abc,30-10-2018,justinanderson@manning-santana.com
E0164,Hector Ingram,female,3/25/2003,Finance,abc,13-12-2019,susanramirez@yahoo.com
E0570,Heidi Ferguson,M,5/19/1983,Marketing,abc,24-11-2017,aprilwatson@jenkins-mccall.com
E0849,Howard Campbell,Female,7/18/1986,Support,abc,18-12-2023,karen52@leonard.net
E0939,Hunter Brennan,Female,3/12/1970,engineering,45000,8/5/2020,melissafrederick@collins.com
E0160,Isabella Nunez,Male,30-02-1993,R&D,60000,19-05-2025,carlsonjoseph@hotmail.com
E0867,Jack Turner,F,5/4/1980,HR,60000,29-12-2023,dbanks@jenkins-bell.net
E0737,Jackie Jones,F,4/29/1974,Support,abc,12/6/2022,gbird@hotmail.com
E0528,Jacob Martin,F,1/12/1976,Marketing,70000,9/5/2025,craigboone@bennett.com
E0710,Jacqueline Stone,F,8/20/1971,Sales,70000,4/12/2020,fbaldwin@yahoo.com
E0374,Jacqueline Williams,female,7/4/1995,Engineering,not disclosed,1/10/2022,yclarke@chapman-figueroa.org
E0632,James Adams,Female,4/21/2000,Finance,abc,25-08-2022,nshepherd@hamilton.com
E0266,James Barnes,Female,3/9/2003,engineering,60000,25-05-2024,mayokimberly@castillo-harrington.com
E0804,James Diaz,M,11/7/1971,Marketing,70000,30-07-2024,mayodiana@yahoo.com
E0898,James Freeman,M,8/14/1982,HR,50000,1/1/2019,jeanette28@gmail.com
E0322,James Howard,female,5/31/1961,R&D,60000,3/9/2017,arodriguez@yahoo.com
E0467,James Jones,female,7/13/1988,HR,not disclosed,25-10-2024,thomas14@rose-warren.com
E0858,James Jones,F,11/14/1985,Engineering,45000,26-04-2023,steven87@miller.com
E0483,James Miller,F,2/14/1986,engineering,70000,1/7/2018,larry38@gmail.com
E0711,James Morse,Female,3/11/1999,engineering,45000,28-01-2016,patriciahayes@foster.biz
E0380,,M,12/1/1996,Engineering,not disclosed,3/5/2016,aoconnell@morrow.org
E0286,James Nash,Male,10/25/1961,Marketing,50000,29-12-2023,averyshane@stanton.com
E0320,James Rivers,M,12/13/1977,Sales,70000,5/1/2022,zbanks@gmail.com
E0630,James Thompson,female,8/7/1986,Marketing,50000,20-12-2016,frankchan@holland-best.com
E0384,James Willis,F,9/7/1994,Engineering,abc,18-09-2015,dunnjessica@herman.com
E0351,James Wilson,female,11/8/1959,Support,not disclosed,11/7/2016,howardwesley@buchanan-turner.com
E0004,Jamie Arnold,F,3/25/2002,R&D,55000,9/8/2021,williamsjeremy@galloway-wyatt.com
E0703,Jamie Ross,Female,11/29/1959,engineering,55000,not available,howardangela@roberts.org
E0965,Jane Cuevas,male,10/15/1964,Engineering,55000,7/10/2016,hryan@yates.net
E0744,Jane Morris,Male,7/21/1989,Finance,60000,22-07-2015,mjones@walters.com
E0862,Jared Evans,male,3/4/1990,Sales,55000,5/8/2022,jack01@peterson-mullins.com
E0519,Jared Luna,female,3/22/1964,Engineering,not disclosed,22-08-2024,cruzhannah@martinez-nichols.com
E0691,Jason Cole,M,10/21/1959,R&D,60000,12/2/2022,christopher90@perez.com
E0327,Jason Hawkins,M,6/19/1959,Support,abc,30-12-2016,diamondbryant@yahoo.com
E0331,Jason House,M,3/11/2005,Finance,45000,19-07-2017,gbarrett@gmail.com
E0912,Jason Mcknight,F,7/2/1980,engineering,abc,11/9/2018,mary16@knight-sparks.com
E0581,Jason Mercer,Male,7/29/1988,Support,45000,31-08-2018,xcrosby@smith.info
E0679,Jason Miller,M,9/19/2002,Marketing,60000,19-12-2023,nathanielgalloway@medina.net
E0963,Jason Pearson,Female,6/25/1991,Finance,not disclosed,15-06-2020,michealcarter@buck.com
E0880,Jason Preston,Male,7/26/2002,Engineering,55000,14-02-2023,kentberger@bradley.com
E0302,Jason Price,Male,11/8/1961,Sales,55000,15-05-2025,jessica38@glover.net
E0563,Jason Rocha,Female,8/29/1987,Engineering,50000,5/6/2018,jamescollier@yahoo.com
E0073,Jason Walker,Female,3/5/1967,Marketing,60000,21-04-2023,tyronemoran@thornton.info
E0208,Jason Washington,Male,9/7/1964,Support,60000,5/8/2021,jennifersimpson@hotmail.com
E0776,Jay Kennedy,Female,2/26/1983,Marketing,60000,9/2/2022,rosejustin@hotmail.com
E0820,Jeanette Lawson,F,7/14/1973,engineering,45000,1/8/2018,ashleyvargas@suarez.info
E0720,Jeanne James,male,1/13/1986,Sales,not disclosed,14-07-2016,thomasmurphy@yahoo.com
E0407,,female,6/17/1959,Support,50000,9/5/2024,justin80@weeks.com
E0377,Jeffery Richards,male,3/26/1977,R&D,not disclosed,28-07-2024,cheryl63@yahoo.com
E0108,Jeffrey Campbell,female,10/25/1999,Engineering,50000,24-09-2023,walkertracey@gmail.com
E0038,Jeffrey Carpenter,F,1/2/2004,Finance,abc,7/12/2020,nramos@hotmail.com
E0708,Jeffrey Fields,Male,8/6/1962,engineering,60000,11/6/2025,kristine53@soto.com
E0220,Jeffrey Smith,female,1/25/1974,Marketing,not disclosed,14-12-2018,raylauren@hotmail.com
E0952,Jeffrey Williams,Male,3/20/1980,Engineering,abc,26-12-2015,kentkaren@yahoo.com
E0874,Jenna Jensen,male,3/20/1986,HR,55000,30-04-2016,sheilamyers@hotmail.com
E0344,Jennifer Bailey,F,12/20/1973,Engineering,abc,5/2/2021,kelly98@yahoo.com
E0842,Jennifer Cannon,Female,6/3/1991,Sales,not disclosed,1/11/2017,vjenkins@yahoo.com
E0046,Jennifer Clark,M,1/16/1988,Marketing,not disclosed,not available,wwoods@molina-castaneda.biz
E0727,Jennifer Gill,female,9/14/1967,Engineering,45000,22-09-2021,gordonkimberly@hayes-king.net
E0388,Jennifer Gomez,F,11/26/1995,HR,55000,14-08-2015,justinross@hotmail.com
E0488,Jennifer Gutierrez,F,9/13/2001,Support,45000,7/8/2019,vreyes@cervantes.biz
E0421,,female,5/13/1970,Marketing,50000,15-08-2016,qphillips@@richardson.biz
E0790,Jennifer Hernandez,F,12/16/1988,Engineering,not disclosed,24-11-2021,chrismartinez@sutton.com
E0185,Jennifer Hill,female,5/3/1997,Sales,60000,7/6/2018,wwilliams@hotmail.com
E0562,Jennifer Houston,female,2/21/2000,Sales,not disclosed,30-11-2016,kevinmcneil@hatfield.biz
E0619,Jennifer Lewis,Female,7/19/1985,R&D,50000,27-08-2022,davisbrian@yahoo.com
E0426,,F,30-02-1993,Sales,50000,26-06-2016,yshort@hotmail.com
E0582,Jennifer Mills,Female,3/27/1965,Engineering,not disclosed,24-06-2017,lmorales@figueroa.com
E0306,Jennifer Pitts,male,9/17/1969,Finance,45000,15-10-2017,robert97@stewart.com
E0991,Jennifer Robbins,M,3/14/1979,HR,not disclosed,13-03-2018,robert83@gmail.com
E0369,Jennifer Sanchez,F,2/26/1968,HR,45000,17-03-2025,crystalwilliams@@thomas.net
E0593,Jennifer Smith,Female,6/1/1991,R&D,not disclosed,31-10-2015,uhudson@hotmail.com
E0432,,Female,2/16/1997,Marketing,60000,24-02-2024,johnsonmichael@baker.com
E0223,Jennifer Taylor,Male,7/25/1985,R&D,50000,25-08-2022,sreid@@arias.com
E0434,,male,12/10/1965,Engineering,70000,24-07-2020,dmiller@bailey-montoya.biz
E0668,Jennifer Zuniga,F,3/20/1980,Finance,50000,10/4/2020,loriburns@kelley.com
E0885,Jeremy Carlson,M,12/9/1977,Marketing,60000,15-11-2020,kpatterson@brooks-chen.com
E0437,,Male,8/1/1965,HR,60000,25-03-2019,kristie22@yahoo.com
E0785,Jeremy Edwards,M,2/11/1962,engineering,70000,23-08-2017,christopherscott@miller.net
E0664,Jeremy Wood,female,30-02-1993,HR,70000,21-04-2022,breanna67@hotmail.com
E0713,Jerry Reynolds,Male,6/17/1984,Sales,not disclosed,1/12/2023,patrick27@gmail.com
E0411,Jesse Chavez,Male,10/30/2001,Marketing,not disclosed,28-10-2023,andrew08@lopez.com
E0005,Jesse Flowers,M,7/9/1970,R&D,50000,1/10/2021,elizabethmiles@hotmail.com
E0871,Jesse James,female,10/4/1972,Sales,not disclosed,10/6/2023,tammy76@padilla.com
E0059,Jesse Parker,male,2/21/1975,Finance,55000,3/7/2017,david82@robinson.com
E0280,Jessica Brown,female,12/25/1981,Sales,abc,13-12-2018,uterry@fernandez.com
E0489,Jessica Cobb,male,7/4/1996,Finance,not disclosed,not available,stevensonjennifer@wilson-carlson.com
E0449,Jessica Edwards,Male,8/24/2000,Support,45000,20-01-2021,jamietaylor@hotmail.com
E0864,Jessica Gaines,F,4/6/1998,HR,45000,27-01-2022,christiancontreras@thomas.com
E0349,Jessica Garcia,M,1/17/1996,engineering,55000,not available,andrewlove@miller.com
E0441,Jessica Glass,Male,5/5/1975,engineering,not disclosed,6/11/2018,katherinefarrell@gmail.com
E0035,Jessica Joyce,Female,4/28/1967,engineering,60000,2/1/2022,bradley60@frost.com
E0430,Jessica Swanson,M,11/8/2000,Support,not disclosed,19-07-2019,vcannon@ward-chavez.biz
E0555,Jessica Wood,Female,5/31/1973,engineering,50000,8/1/2025,tiffany25@fernandez-martin.com
E0454,,F,10/22/1968,Support,abc,not available,antonioduran@schaefer.com
E0541,Jodi Allen,male,30-02-1993,HR,not disclosed,31-08-2015,davidphillips@hotmail.com
E0548,Jodi Richardson,F,4/9/2005,engineering,55000,26-07-2016,zmiller@@roberts.com
E0262,Joel Lara,M,12/18/1968,Marketing,45000,8/7/2017,greertoni@gonzalez.com
E0458,,female,11/28/1978,Engineering,not disclosed,20-04-2023,dphillips@black.info
E0539,Joel Smith,Female,8/1/1988,HR,55000,25-08-2019,ryan39@mcintyre.biz
E0299,John Byrd,Male,11/20/2001,Finance,60000,17-03-2022,hunteileen@hoffman-wheeler.com
E0909,John Diaz,F,5/17/1960,HR,45000,14-06-2021,patricia97@gmail.com
E0747,John Henderson,Female,12/2/2000,Sales,50000,29-10-2022,ysmith@dickerson-blake.com
E0463,,Male,8/30/1990,Support,60000,2/12/2023,franklintrevor@gmail.com
E0817,John Juarez,male,10/5/1995,Sales,55000,24-01-2018,jamespierce@snow-malone.net
E0444,John Landry,Male,12/26/1963,Sales,55000,not available,michelle04@hotmail.com
E0783,John Newman,female,12/17/1988,Sales,abc,11/7/2020,nguyenjennifer@lopez.net
E0014,John Pierce,female,6/28/1977,Support,abc,5/6/2024,sarahcampos@hotmail.com
E0631,John Reynolds,Female,7/21/1980,R&D,abc,7/9/2017,collierwilliam@yahoo.com
E0678,John Russell,male,5/11/1975,R&D,45000,not available,sanchezangela@gmail.com
E0973,John Taylor,female,12/8/1971,Engineering,70000,13-02-2024,paulawatkins@craig-chavez.com
E0648,John Thompson,M,2/2/1970,Support,55000,29-10-2023,fhahn@young-hawkins.com
E0594,John Vazquez,F,6/18/1973,HR,70000,2/3/2021,garrett45@yahoo.com
E0977,John Walker,M,12/22/1970,Engineering,not disclosed,not available,middletonelizabeth@gmail.com
E0535,John Zamora,Female,4/25/1969,Sales,abc,17-02-2019,paultaylor@hotmail.com
E0144,Johnny Ward,Female,5/25/1998,Finance,70000,23-09-2021,cherylmiller@yahoo.com
E0879,Johnny Ward,M,8/9/1973,Marketing,50000,6/2/2022,apope@tucker.com
E0098,Jonathan Dougherty,male,5/27/1962,R&D,70000,28-04-2024,bschneider@gmail.com
E0459,Jonathan White,F,4/17/1999,R&D,not disclosed,not available,cgutierrez@white.com
E0981,Jonathon Hill,female,5/14/2002,HR,50000,5/3/2024,patricia06@randolph.com
E0974,Jordan Chapman,M,1/17/1966,Marketing,45000,28-05-2019,kpeterson@hotmail.com
E0106,Joseph Bennett,F,4/28/1990,Support,abc,2/4/2021,larry59@miller.org
E0910,Joseph Bowman,F,7/8/1969,Sales,not disclosed,7/6/2022,michaeljohnson@figueroa.com
E0110,Joseph Hall,Male,30-02-1993,Marketing,45000,23-06-2021,chensley@smith-morse.com
E0761,Joseph Hayden,Male,7/17/1977,HR,45000,20-09-2023,cassandra55@@hotmail.com
E0485,,M,2/14/1991,Engineering,not disclosed,16-06-2023,douglashuang@durham-myers.com
E0606,Joseph Lyons,M,2/20/1967,Engineering,55000,1/11/2020,rvega@gmail.com
E0803,Joseph Roach,F,5/27/1987,Sales,not disclosed,23-07-2017,moorediane@gmail.com
E0311,Joseph Warren,male,30-02-1993,Marketing,50000,not available,mhoward@gmail.com
E0443,Joshua Christensen,F,10/18/1996,Finance,60000,not available,bennettrebecca@williams.org
E0167,Joshua Fitzpatrick,F,12/8/1977,Sales,60000,14-10-2017,johnsantiago@perez.com
E0901,Joshua Gomez,F,11/18/1973,HR,55000,5/1/2018,dromero@yahoo.com
E0492,,M,6/12/1973,Support,70000,2/11/2020,samantha65@gmail.com
E0493,,female,2/8/1999,R&D,70000,4/8/2015,melissabrown@hotmail.com
E0838,Joshua Hall Jr.,M,2/27/1988,Support,50000,1/6/2024,youngaaron@cox.com
E0338,Joshua Howard,male,4/2/1990,HR,45000,12/3/2017,yyoung@roberts.biz
E0072,Joshua Pennington,F,4/7/1989,Marketing,50000,12/9/2023,dudleychelsea@mckinney.net
E0497,,male,30-02-1993,HR,not disclosed,11/9/2022,jhicks@cruz-perez.biz
E0659,Joshua Price,female,1/10/1968,Sales,50000,22-04-2024,christopherarnold@hotmail.com
E0078,Joyce Bowen,male,5/9/1987,Finance,70000,29-01-2018,qharrington@hanson-sanders.com
E0074,Juan Reyes,F,3/28/2000,Support,45000,6/2/2024,hillkristy@morgan-french.com
E0978,Juan Romero,F,12/10/1970,Sales,70000,1/12/2015,adamwall@wood.org
E0474,Julia Olsen,M,4/7/1963,R&D,not disclosed,25-04-2024,angela03@hotmail.com
E0521,Julian Ponce,Male,5/31/2004,Marketing,55000,13-09-2018,omosley@hotmail.com
E0705,Julian White,F,11/30/1960,Support,50000,13-06-2018,smitherica@yahoo.com
E0050,Julie Curry,female,12/30/1962,Support,abc,28-05-2021,harringtondenise@herring.com
E0070,Julie Ortiz,female,4/19/1981,R&D,50000,25-03-2017,robert74@landry.info
E0451,Justin Fry,F,7/5/1967,R&D,70000,2/8/2018,jessicacannon@yahoo.com
E0982,Justin Monroe,female,1/21/2002,Sales,abc,22-01-2016,derrickbennett@nunez.info
E0509,,male,12/7/1980,HR,50000,21-06-2024,hardindana@bishop-pearson.com
E0510,,F,3/31/1982,Finance,50000,19-01-2020,scottbreanna@@yahoo.com
E0511,,Male,5/28/2005,Marketing,55000,26-07-2019,erica25@smith.biz
E0620,Kaitlin Gomez,female,9/18/2000,Marketing,50000,23-03-2016,william64@lambert-anderson.net
E0760,Karen Chambers,Female,30-02-1993,Finance,45000,13-08-2015,karen09@davis.com
E0282,Karen Davis,Female,7/14/1973,HR,70000,11/5/2018,wellsdarrell@yahoo.com
E0767,Karen Fernandez,female,1/5/1976,engineering,70000,20-01-2019,garciavictoria@@martin.biz
E0723,Karen Jones,M,7/3/1973,engineering,abc,30-08-2017,ryan72@andrews.info
E0881,Karen Mendez DDS,M,3/25/1970,Marketing,60000,30-04-2024,leeanthony@gmail.com
E0464,Karen Ortiz,female,11/8/1964,Support,50000,25-07-2015,christine83@lopez.com
E0062,Karen Short,male,9/20/1986,HR,abc,26-10-2023,hernandezlisa@miller-wright.net
E0473,Karen Wells,male,11/14/1961,R&D,not disclosed,not available,courtneymcclain@hotmail.com
E0949,Katelyn Miller,female,10/13/1968,engineering,55000,25-04-2024,judy31@hardy-french.com
E0552,Katelyn Wade,Male,7/13/1995,Engineering,not disclosed,13-10-2024,itorres@yahoo.com
E0752,Katherine Barker,Male,5/19/1963,Sales,abc,3/1/2022,johnjohnson@yahoo.com
E0665,Katherine Mcpherson,Male,7/14/1970,Marketing,abc,27-11-2017,idawson@palmer.info
E0923,Kathleen Walker,female,30-02-1993,Support,70000,31-01-2018,jennifer07@hotmail.com
E0523,Kathryn Hanna,male,1/10/1990,HR,45000,not available,brian06@lewis.net
E0193,Kathryn Pena,Male,6/4/1982,engineering,50000,30-10-2019,umurray@yahoo.com
E0267,Kathryn Price,female,9/9/1971,HR,50000,23-11-2015,anthonycochran@yahoo.com
E0929,Kathy Bailey,female,3/8/1995,Finance,50000,5/2/2022,dianabell@hart.com
E0872,Katie Adams,Female,4/10/2004,Marketing,55000,14-12-2019,anunez@yahoo.com
E0635,Kayla Gutierrez,M,1/27/1991,Support,50000,14-02-2025,jonathan18@gmail.com
E0085,Keith Jennings,Female,10/16/1962,Finance,70000,26-11-2023,catherinegomez@hotmail.com
E0604,Kelly Calderon,F,3/13/1995,Support,70000,26-09-2019,youngdavid@yahoo.com
E0796,Kelly Higgins,Female,1/7/1975,Sales,60000,23-08-2020,richard51@miller.com
E0530,Kelly Jenkins,female,5/1/1971,Finance,abc,3/2/2016,fsalazar@serrano.net
E0536,,Male,8/30/1972,Finance,not disclosed,21-07-2021,matthewjohnson@hotmail.com
E0416,Kelly King,M,11/26/2002,Marketing,60000,14-07-2020,paige31@chen.com
E0903,Kelly Rodriguez,male,11/5/1962,HR,not disclosed,8/9/2019,dariusjacobson@adams.com
E0754,Kenneth Bates,F,6/9/1970,Finance,60000,30-08-2015,newmansabrina@mccarthy-mccann.com
E0230,Kenneth Farley,female,6/16/1994,Sales,70000,26-01-2017,rsellers@@martinez.com
E0439,Kenneth Hoffman,Male,2/16/1995,R&D,not disclosed,23-08-2019,adamsrussell@glass.biz
E0542,,male,8/17/1965,Sales,abc,21-09-2015,evan79@hotmail.com
E0669,Kenneth Knight,M,6/10/1982,Marketing,60000,14-11-2021,kathleenwagner@yahoo.com
E0281,Kenneth Larsen,Female,11/26/1969,Finance,not disclosed,18-05-2016,pattersonkelly@hotmail.com
E0326,Kenneth Miller,female,5/16/1993,Finance,55000,21-01-2023,hooperjulie@gmail.com
E0438,Kenneth Williams,male,8/13/1986,Support,60000,2/12/2019,xshaw@anderson.info
E0117,Kevin Best,male,3/30/1962,Marketing,60000,7/2/2023,cassidy82@hayes.com
E0016,Kevin Hall,Female,6/9/1974,Support,70000,29-07-2015,perezrebecca@jones-young.info
E0549,,M,8/31/1970,engineering,60000,23-02-2020,tylergolden@crane.net
E0550,,male,6/8/1968,Marketing,45000,7/7/2023,pwallace@gmail.com
E0204,Kevin James,male,7/19/2001,HR,not disclosed,23-06-2020,millereric@bowers.com
E0605,Kevin Price,Female,7/5/1975,Sales,45000,24-08-2022,daniellewis@gonzales-king.org
E0553,,F,2/20/1971,HR,55000,16-11-2019,swatson@hernandez.info
E0371,Kevin Saunders,Female,11/11/2001,HR,45000,22-02-2024,jennifercooper@yahoo.com
E0274,Kevin Thompson,Male,5/1/1980,R&D,50000,18-06-2020,jessicarush@myers.com
E0076,Kimberly Gibson,female,5/7/1981,Sales,50000,30-08-2018,xhall@williams-garner.biz
E0420,Kimberly Henry,Male,1/6/1998,R&D,50000,17-08-2018,jessica49@hotmail.com
E0558,,male,6/1/1980,HR,70000,16-11-2015,seandavis@gmail.com
E0212,Kimberly Maldonado,F,11/19/1996,Marketing,50000,29-11-2015,samuelcarter@hotmail.com
E0214,Kimberly Mclean,Female,12/1/1987,HR,50000,13-09-2024,jacqueline89@rocha.com
E0288,Kristen Gates,Female,10/25/1994,HR,55000,not available,jrodriguez@knight.com
E0219,Kristen Rivera,Male,6/19/1988,engineering,50000,25-04-2023,lsoto@sandoval.com
E0190,Kristen Rowe,F,5/10/1985,Finance,abc,21-05-2023,jose87@yahoo.com
E0022,Kristi Higgins MD,Male,8/23/1979,Finance,abc,26-02-2019,adkinsbrian@woods.com
E0350,Kristin Andrews,female,12/11/1974,Sales,60000,8/11/2019,zhayes@yahoo.com
E0378,Kristin White,M,7/1/1997,HR,55000,22-11-2024,vanessa95@hotmail.com
E0567,,female,4/30/1994,Marketing,abc,28-03-2025,francisco02@murray-steele.com
E0869,Kurt Daniels,male,6/1/1985,Finance,70000,20-04-2020,jacqueline11@gmail.com
E0155,Kyle Cameron,Female,3/20/2005,R&D,not disclosed,17-06-2023,booneryan@yahoo.com
E0100,Kyle Phillips,Male,11/8/1993,HR,60000,9/10/2022,farrelldebra@le.com
E0571,,F,6/3/1966,Support,not disclosed,27-02-2019,mariepope@austin.net
E0683,Kyle Smith,F,7/20/1968,HR,70000,27-06-2015,valenzuelaemily@yahoo.com
E0573,,male,7/11/1989,Engineering,50000,8/5/2024,jenniferjohnson@gmail.com
E0183,Kyle Warner,male,10/6/1962,HR,45000,13-08-2019,igonzales@@webster.com
E0210,Larry Dominguez,male,1/18/1992,Engineering,45000,18-10-2020,snovak@neal.com
E0560,Larry Harding,female,10/28/2004,Finance,45000,5/8/2021,jenniferpatterson@yahoo.com
E0990,Larry Smith,Female,11/20/1960,Engineering,not disclosed,26-11-2021,rhonda81@williams.com
E0853,Latasha Gamble,male,1/30/1966,Support,abc,15-09-2015,amy17@gibson.com
E0498,Laura Bradford,F,7/25/1975,Finance,60000,not available,khouse@yahoo.com
E0866,Laura Johnson,F,3/22/1972,HR,50000,7/8/2022,nrobinson@bonilla.com
E0250,Laura Jones,male,6/6/1990,Engineering,abc,21-02-2024,porterashley@yahoo.com
E0140,Laura Moreno,Female,7/16/1986,Support,abc,19-10-2020,susanjohnson@gmail.com
E0583,,Male,3/15/1984,HR,55000,3/11/2018,brookeewing@gmail.com
E0584,,Male,4/20/1975,Sales,55000,5/9/2022,kathy99@yahoo.com
E0778,Laura Ramos,male,4/13/1992,HR,abc,27-05-2020,jefferygoodman@curtis.com
E0955,Laura Stone,Male,7/7/1970,Marketing,70000,9/12/2021,davidsmith@hotmail.com
E0538,Laura Tran,M,1/31/1975,Marketing,55000,3/12/2016,natkins@hotmail.com
E0596,Laura Vargas,Female,1/20/1978,Sales,not disclosed,5/8/2016,yclark@gmail.com
E0712,Laura Walls,F,11/28/1984,Support,not disclosed,13-10-2019,karenphillips@bell.org
E0975,Lauren Anthony,female,6/27/1988,R&D,60000,21-04-2020,lflores@@gmail.com
E0361,Lauren Hammond,female,12/6/1973,Finance,abc,28-01-2016,jvaldez@yahoo.com
E0815,Leah Jacobs,Male,8/31/1975,HR,55000,23-02-2020,gmiller@soto.com
E0285,Leah Spencer,female,10/17/1985,Marketing,abc,5/5/2024,parmstrong@yahoo.com
E0382,Linda Bautista,Female,5/19/1971,Support,45000,11/11/2023,harrisdiane@hotmail.com
E0043,Linda Dodson DVM,Male,2/21/2001,Sales,45000,15-01-2024,vmerritt@yahoo.com
E0370,Linda Elliott,male,9/19/1960,Marketing,50000,10/4/2020,shanehaney@jackson-greer.org
E0206,Linda Mueller,male,9/1/1985,R&D,not disclosed,30-08-2015,fhughes@hotmail.com
E0373,Linda Rich,female,8/13/1995,Support,abc,not available,olsondavid@ryan.biz
E0917,Linda Thompson,Male,2/9/1989,HR,not disclosed,8/12/2020,johnbutler@turner.com
E0788,Lindsey Robinson,F,11/20/1983,R&D,70000,not available,qjones@james-mckee.biz
E0063,Lisa Gibbs,Male,10/23/1974,Support,50000,5/5/2024,tkerr@hotmail.com
E0469,Lisa Ho,F,4/3/2001,R&D,50000,9/1/2025,lvasquez@hotmail.com
E0554,Lisa Martin,male,11/18/1995,R&D,60000,21-04-2020,maryschwartz@bauer.com
E0240,Lisa Ramos,Male,3/27/1974,Engineering,55000,4/12/2016,karenlawrence@bell-jordan.com
E0163,Lisa Ruiz,male,9/10/1963,Sales,not disclosed,20-10-2017,whitney78@edwards-thompson.net
E0215,Lonnie Hart,male,5/7/2003,Support,55000,2/4/2022,grodriguez@yahoo.com
E0918,Lori Gardner,Female,1/13/1985,HR,50000,19-11-2022,alishabenson@donovan.biz
E0932,Luis Powell,F,7/5/1962,engineering,45000,15-12-2015,colinrodriguez@alvarez.com
E0427,Luis Rice,Female,3/29/1964,Support,not disclosed,15-08-2020,susandavis@hall.com
E0418,Luke Galvan,Female,12/28/2001,Finance,45000,22-06-2016,deanna81@freeman.net
E0611,,female,2/5/2003,Engineering,55000,30-07-2018,aarongonzalez@yahoo.com
E0672,Luke Ray,Male,1/19/1963,Finance,50000,25-02-2025,bshaw@barrett.com
E0491,Makayla Smith,Female,6/8/1969,Sales,60000,28-12-2017,peter97@gmail.com
E0837,Mallory Taylor,Female,12/15/2003,Finance,abc,21-08-2019,idunn@hotmail.com
E0197,Manuel King,F,7/28/1983,Engineering,60000,1/1/2020,watsonrichard@hotmail.com
E0025,Marc Hart,male,4/4/1966,R&D,70000,12/9/2016,david51@wood.info
E0324,Margaret Hernandez,F,6/12/1997,Support,abc,19-05-2016,williamharrison@booth-jones.info
E0618,,F,5/7/1976,Support,55000,27-09-2021,smithdean@yahoo.com
E0175,Margaret Shepard,M,6/18/1984,R&D,45000,18-03-2019,timothygibson@brooks.net
E0998,Maria Cook,F,4/26/2002,engineering,70000,15-11-2016,jaredmcmahon@wright.info
E0119,Maria Jones,Female,11/18/1965,Marketing,45000,11/12/2024,johnathan92@yahoo.com
E0148,Mario Mendez,male,10/23/1965,HR,45000,1/1/2024,georgeweber@morgan.com
E0781,Marissa Bennett,M,2/4/2005,engineering,50000,22-12-2016,phill@yahoo.com
E0851,Mark Cisneros,F,3/18/1975,Engineering,45000,not available,victoriamason@franklin.info
E0595,Mark Dickson,F,7/30/1964,R&D,55000,26-07-2024,joseph49@ballard-weber.com
E0985,Mark Harper MD,Female,7/22/1979,Finance,70000,3/2/2017,mccartypenny@barnes-west.com
E0660,Mark Johnson,F,3/12/1996,R&D,60000,8/11/2019,jessica81@brown.com
E0822,Mark Mcmahon,female,5/9/1978,Marketing,not disclosed,18-09-2017,dayjohn@gmail.com
E0652,Mark Pitts,female,1/23/1984,R&D,abc,14-02-2018,fgill@hotmail.com
E0830,Mark Smith,male,2/3/1960,R&D,55000,5/4/2017,harristimothy@hotmail.com
E0993,Mark Watts,female,10/1/1961,Support,55000,1/2/2020,irios@mcdowell.net
E0968,Martha Jacobs,female,1/2/1990,Engineering,abc,30-07-2022,sarasanchez@craig-wade.org
E0893,Martin Lozano PhD,female,7/3/2001,engineering,abc,14-03-2017,brandonsmith@holder.biz
E0391,Mary Austin,M,4/19/1996,Sales,70000,3/3/2016,christine79@yahoo.com
E0896,Mary Boyd,F,10/27/1975,Sales,45000,13-04-2025,ubray@hotmail.com
E0503,Mary Carter,Female,12/8/2001,engineering,abc,1/12/2015,gmiller@@gmail.com
E0637,,female,11/25/2001,HR,45000,18-12-2019,jasonmiller@hotmail.com
E0480,Mary Edwards,Female,10/3/1998,Engineering,60000,5/10/2020,james44@flores.com
E0429,Mary Ferguson,male,4/10/2000,Engineering,55000,27-12-2022,andrea55@yahoo.com
E0733,Mary Garcia,Female,6/7/1980,Sales,50000,2/1/2023,williamsnicholas@mcfarland.com
E0670,Mary Hernandez,Male,8/1/1981,HR,70000,20-12-2016,zhall@yahoo.com
E0878,Mary Hill,male,3/27/1969,HR,not disclosed,5/11/2015,stevenscaitlin@thomas.com
E0513,Mary Houston,Female,3/28/2000,R&D,55000,10/7/2017,gatesdavid@gallagher.com
E0739,Mary Jones,male,8/26/1960,R&D,abc,28-05-2025,vdixon@gmail.com
E0764,Mary Smith,male,11/15/2002,Engineering,not disclosed,6/12/2020,morgan57@lawson.org
E0248,Mary Thompson,F,4/24/1960,Marketing,45000,14-10-2017,tylerreed@logan.com
E0505,Mary Wood,M,5/22/1971,Marketing,55000,not available,hwhite@cooper.com
E0624,Mary Yates,female,1/27/1963,Marketing,60000,31-08-2018,hallbarry@martin-mcdonald.com
E0024,Matthew Cunningham,female,12/24/1980,Support,60000,21-11-2019,john62@brewer.com
E0018,Matthew Gomez,Male,6/6/1987,R&D,not disclosed,25-05-2023,brownjessica@wright.net
E0077,Matthew Hoover,Male,10/20/1969,Support,50000,17-11-2023,waynelawrence@sawyer.com
E0697,Matthew Lowe,male,3/21/1961,HR,60000,6/3/2023,danielsmith@hotmail.com
E0131,Matthew Miller,F,12/28/1983,Finance,50000,8/8/2016,cmarks@@hughes.com
E0333,Matthew Obrien,Female,5/9/1981,R&D,55000,11/1/2024,spetty@gmail.com
E0120,Matthew Rangel,Female,7/24/1980,Marketing,55000,13-02-2022,collinsnicholas@li-santiago.net
E0169,Matthew Velez,female,7/16/1965,Sales,45000,21-03-2025,gentrygregory@peck.biz
E0657,,M,2/28/1980,Support,abc,15-10-2020,wilcoxrachel@hotmail.com
E0592,Matthew Watkins,F,11/29/1963,Sales,50000,21-08-2020,geoffrey85@murray.org
E0636,Matthew White,Female,11/7/1971,HR,45000,19-02-2022,butlerjanet@@matthews-gibson.info
E0241,Matthew Wright,Female,5/7/2000,engineering,55000,19-04-2020,jamie98@adkins.com
E0661,,Male,11/17/1967,R&D,45000,6/4/2016,vevans@chavez.org
E0317,Maureen Hernandez,male,8/1/1965,Support,abc,27-02-2024,conwaydawn@hinton-phillips.info
E0103,Maurice Christensen,F,12/14/1962,engineering,not disclosed,6/5/2020,dale83@gmail.com
E0139,Megan Kim,male,1/16/1968,Sales,not disclosed,5/8/2016,michael90@hernandez.info
E0753,Megan Terry,male,5/14/2003,HR,70000,19-12-2017,jblackburn@yahoo.com
E0410,Melinda Mitchell,M,8/26/1995,Support,60000,10/1/2020,melissawhite@yahoo.com
E0532,Melinda Schmitt,Female,9/26/1991,HR,50000,1/12/2023,elizabethwilliams@diaz.org
E0590,Melissa Armstrong,F,11/2/1991,Engineering,70000,not available,myerstroy@jensen-gomez.com
E0684,Melissa Burns,male,3/7/1986,R&D,50000,9/8/2024,ryanpatricia@wallace.biz
E0610,Melissa Hunter,male,5/25/1983,Sales,abc,12/8/2022,wneal@gmail.com
E0514,Melissa King,male,3/25/1991,Sales,70000,not available,kayla54@gmail.com
E0202,Melissa Miller,female,12/27/1982,Sales,70000,13-05-2016,ehall@jacobs-austin.org
E0843,Melissa Mitchell,male,1/22/1970,HR,45000,21-06-2016,wesleysmith@frazier-liu.net
E0674,,female,2/1/1961,engineering,55000,7/6/2024,hscott@gmail.com
E0950,Melissa Santos,F,5/1/1990,Engineering,55000,not available,rhuff@chapman-evans.com
E0798,Melissa Sullivan,male,5/22/2001,Marketing,55000,8/9/2018,vpark@@sanchez-stevenson.net
E0658,Melody Griffin,M,5/30/1973,HR,45000,17-09-2024,pam63@@yahoo.com
E0777,Meredith Kelley,female,1/27/1966,Finance,abc,5/9/2017,hornjenna@yahoo.com
E0425,Meredith Scott,female,5/19/1984,engineering,50000,17-03-2019,conradjason@hebert-collier.info
E0689,Michael Braun,male,9/20/1995,Engineering,70000,3/10/2019,pacedanielle@hotmail.com
E0321,Michael Brown,M,4/19/1970,Marketing,60000,20-03-2017,rpham@yahoo.com
E0053,Michael Burton,M,5/21/1966,Finance,60000,31-07-2020,reedross@jones-holland.com
E0423,Michael Cannon,F,12/9/1969,Engineering,60000,8/4/2020,hdavidson@gmail.com
E0895,Michael Conner,male,4/12/1985,engineering,45000,17-01-2020,brandywilson@atkins-mullins.biz
E0198,Michael Evans,female,12/8/1964,engineering,45000,28-12-2015,jgray@brown-smith.com
E1000,Michael George,Female,10/31/1959,Sales,not disclosed,6/1/2020,ugardner@young.net
E0638,Michael Hamilton,F,9/2/1960,HR,abc,21-07-2015,smithdiana@yahoo.com
E0065,Michael Harrison,M,9/3/1961,R&D,not disclosed,23-05-2019,jacqueline71@hotmail.com
E0453,Michael Howard,male,11/20/1991,Sales,60000,25-09-2017,jack67@yahoo.com
E0931,Michael Hunter,Male,4/16/2004,Engineering,abc,22-05-2024,heidichapman@hotmail.com
E0166,Michael James,Male,4/20/1986,Engineering,45000,28-04-2021,bobby15@douglas-burgess.com
E0151,Michael Moore,Male,9/26/1987,Marketing,50000,10/9/2023,matthewthomas@hotmail.com
E0810,Michael Patrick,M,8/20/1993,R&D,70000,14-07-2018,jeromeanderson@hill.com
E0508,Michael Price,Female,4/28/1977,R&D,50000,2/12/2017,robertslaura@yahoo.com
E0695,,Female,4/1/1963,Sales,50000,19-12-2024,melissa61@walton.org
E0696,,Male,3/4/1960,Engineering,45000,2/3/2023,npope@hotmail.com
E0927,Michael Rodriguez,F,10/28/1987,R&D,45000,5/9/2022,campbelldavid@smith-turner.org
E0698,,Male,1/18/1964,R&D,50000,30-09-2018,michael79@lopez-taylor.com
E0121,Michael Romero,M,9/10/1960,engineering,70000,15-08-2021,stephaniepeterson@yahoo.com
E0524,Michael Sawyer,Female,8/3/1969,Sales,abc,22-04-2025,johnsondonald@smith.com
E0261,Michael Schmitt,M,30-02-1993,Marketing,45000,9/3/2024,jorge20@bond-hawkins.net
E0557,Michael Wells,female,3/5/1979,HR,abc,19-03-2025,hmorgan@mendoza.com
E0726,Michael Williams,M,3/14/1970,Support,45000,10/2/2020,wolfejennifer@@gmail.com
E0715,Michael Wright,F,2/16/1978,Marketing,55000,11/9/2018,alan44@logan-powell.biz
E0357,Michael Young,Female,11/9/1978,HR,45000,21-08-2016,todd59@torres.com
E0572,Michaela Lang,Female,11/8/1987,Finance,45000,15-04-2023,fuentessandra@bailey-vazquez.com
E0026,Michele Carr,M,12/15/2003,Finance,abc,13-06-2024,sarah12@wilson-rodriguez.net
E0740,Michele Smith,female,11/23/1960,Marketing,55000,24-07-2017,joanntodd@hotmail.com
E0687,Michelle Clark,Male,10/17/1972,Support,not disclosed,11/3/2022,ashley72@lee.org
E0821,Michelle Green,M,6/12/1974,HR,60000,29-06-2020,jacksonbrandon@gmail.com
E0143,Michelle Ho,M,11/6/2002,R&D,abc,31-05-2018,davidharris@gmail.com
E0651,Michelle House,female,3/31/1989,Marketing,45000,25-03-2023,harringtonchelsea@colon.net
E0794,Michelle Sandoval,F,30-02-1993,Marketing,not disclosed,23-11-2021,sellersdanielle@yahoo.com
E0495,Michelle Sullivan,M,1/24/1989,Support,50000,22-09-2024,thomaslopez@bridges-ward.biz
E0446,Michelle Williams,F,6/24/1995,Engineering,not disclosed,21-08-2020,klong@gmail.com
E0972,Michelle Wilson,M,5/12/1982,Finance,50000,14-04-2017,rodgersmichael@lozano-mccoy.biz
E0409,Miguel Brewer,M,30-02-1993,engineering,not disclosed,16-03-2019,hendersonjohn@hotmail.com
E0412,Mike Acosta,male,4/18/1975,Support,45000,26-12-2016,snydermatthew@floyd-jimenez.com
E0607,Mike Underwood,Male,11/19/1960,Marketing,50000,17-01-2016,johnnycruz@mullen.com
E0717,Miranda Murray,male,4/18/1965,Engineering,60000,11/10/2020,scarrillo@clark-cole.net
E0145,Mitchell Mendoza,Male,5/29/1987,Marketing,not disclosed,2/6/2022,teresaday@owens-holmes.com
E0237,Molly Fischer,Male,8/29/1988,R&D,70000,1/1/2017,lewischristian@perez.com
E0047,Morgan Marsh,Male,6/17/1974,engineering,abc,4/10/2023,ryan06@caldwell-yates.com
E0141,Mr. Justin Green III,female,10/27/1989,Finance,70000,7/2/2019,igonzalez@gmail.com
E0773,Mr. Kyle Thomas DDS,F,10/15/1961,Marketing,45000,24-11-2020,hillmelanie@hotmail.com
E0989,Mr. Mark Williams,Female,11/30/1989,R&D,60000,not available,amandachan@gould.org
E0336,Mr. Michael Butler,female,10/14/1995,Marketing,60000,25-04-2020,millsanthony@gmail.com
E0897,Mr. Ralph Dawson,female,30-02-1993,HR,not disclosed,14-12-2024,heatherjones@@brown-smith.com
E0945,Mrs. Cheryl Kim,F,5/24/1963,R&D,60000,3/7/2019,chapmanjeremy@goodwin.com
E0471,Mrs. Felicia Castro DDS,Female,3/21/1960,HR,70000,not available,kristy44@hotmail.com
E0947,Mrs. Jennifer Sandoval DDS,M,8/25/1964,engineering,50000,16-09-2019,wthornton@wallace.com
E0732,,F,9/4/1995,Engineering,70000,17-02-2019,copelandlisa@hotmail.com
E0173,Mrs. Taylor Smith,female,7/21/1985,Engineering,50000,17-06-2019,stephanie49@hotmail.com
E0906,Nancy Phelps,male,30-02-1993,HR,45000,7/5/2018,jacksonmartin@yahoo.com
E0330,Natalie Ortiz,male,10/3/1976,engineering,60000,14-10-2018,conradphilip@summers-lee.com
E0218,Nathan Chavez,Male,1/9/1964,Support,60000,23-07-2020,johnsonmatthew@byrd.com
E0011,Nathan Cortez,male,7/8/1993,R&D,50000,29-06-2018,meagan89@hernandez.net
E0194,Nathan Freeman,M,5/5/1996,Support,abc,13-06-2016,landryelizabeth@gutierrez.com
E0196,Nathan Nichols,Male,12/17/1978,HR,60000,29-09-2015,danieldavis@gmail.com
E0188,Nathaniel Lee,male,9/20/1977,Finance,70000,13-11-2021,lopezkathleen@powers.com
E0578,Nicholas Glass,F,10/5/1993,Marketing,50000,12/7/2023,scottrosario@gmail.com
E0792,Nicholas Parker,Male,10/8/1992,HR,60000,28-01-2017,andrea91@gmail.com
E0113,Nichole Walker,female,11/22/1970,engineering,not disclosed,1/10/2016,rebeccabailey@mullen.com
E0484,Nicole Owens,female,6/2/1968,Finance,60000,12/1/2017,bryantgabrielle@hotmail.com
E0008,Nicole Patterson,F,2/28/1999,Support,55000,31-03-2022,wendytaylor@yahoo.com
E0419,Nicole Trujillo,Female,4/22/1989,Engineering,not disclosed,26-09-2018,ihoward@roach-washington.info
E0507,Nicole Wilson,Male,11/9/1970,Support,abc,7/5/2023,vturner@hotmail.com
E0716,Norma Smith,female,12/18/2003,Marketing,70000,4/3/2024,uperez@clark.net
E0749,,male,3/4/1992,Marketing,abc,not available,jennifergonzalez@gmail.com
E0172,Norman Gibbs,F,2/2/1998,R&D,70000,27-09-2018,gwilcox@miller-caldwell.com
E0686,Olivia Becker,M,10/20/1983,R&D,55000,17-09-2018,lindsey33@coffey-johnson.info
E0293,Olivia Camacho,Female,4/12/1963,Finance,50000,20-03-2024,collinswilliam@deleon.org
E0533,Olivia Williams,Male,1/8/1963,Sales,70000,5/8/2024,kristenwashington@jones.info
E0663,Omar Garcia,Male,8/6/1994,Marketing,60000,11/5/2025,shawn26@miller-brown.com
E0882,Paige Robinson,female,4/13/1984,engineering,not disclosed,28-05-2017,murphyjeffrey@holt.com
E0231,Pam Lowe,Male,10/4/1992,Sales,55000,14-11-2017,ebrooks@hotmail.com
E0156,Pamela Diaz,female,9/17/1986,Finance,45000,27-04-2016,angela16@cole.org
E0994,Pamela Perry,Female,6/15/1960,HR,50000,31-08-2024,fitzgeraldlaura@decker.com
E0719,Pamela Vaughn,male,11/4/1979,HR,55000,31-12-2020,weekseric@carroll-lloyd.org
E0472,Pamela Wilson,M,2/17/1982,Sales,55000,5/4/2021,collierjames@yahoo.com
E0254,Patricia Collins,female,5/1/1965,Support,50000,10/11/2024,woodkelly@yahoo.com
E0232,Patricia Powell,male,5/21/1978,R&D,60000,not available,amurphy@hotmail.com
E0092,Patrick Moore,female,9/8/1987,engineering,70000,19-02-2017,rcrosby@gmail.com
E0995,Patrick Turner,F,9/6/1990,HR,not disclosed,25-11-2018,tanya97@carter-davis.biz
E0860,Patrick Wilson,Male,5/21/1990,Marketing,55000,7/2/2016,nthomas@carroll-huerta.biz
E0766,,F,10/16/1993,engineering,abc,29-12-2015,trobles@@davies.info
E0216,Paul Grant,Male,8/6/1998,engineering,60000,19-03-2019,peter98@gmail.com
E0044,Paul Larsen,F,4/28/1978,Engineering,45000,27-04-2024,joshuajones@yahoo.com
E0666,Paul Raymond,Female,8/1/1984,Finance,50000,21-06-2017,martinezashley@gmail.com
E0892,Paul Ross,F,30-02-1993,Sales,45000,11/10/2020,longheather@yahoo.com
E0677,Paul Willis,M,12/31/1992,Support,50000,8/2/2024,adamslucas@hotmail.com
E0967,Paul Wilson,M,11/9/1975,Support,45000,9/1/2023,christopher88@gmail.com
E0544,Paul Wolfe,male,2/17/2001,Sales,55000,5/9/2024,olivermatthew@robertson.com
E0161,Paula Lane,M,12/12/1962,R&D,abc,18-05-2025,alexandriagriffith@yahoo.com
E0146,Penny Bowman,female,11/1/1971,Sales,abc,24-08-2017,guerraapril@yahoo.com
E0308,Philip Jackson,female,3/26/1970,HR,60000,13-10-2023,christinaschultz@patterson-woods.com
E0731,Phillip Byrd,Female,11/24/1969,Marketing,not disclosed,13-12-2022,jayjohnson@hotmail.com
E0095,Phillip Clark,Male,2/23/1974,R&D,55000,1/6/2019,kristinacarlson@yahoo.com
E0126,Phillip Nelson,Female,5/21/1994,engineering,60000,16-12-2017,pottsjeffrey@yahoo.com
E0780,,M,10/31/1999,Support,60000,31-10-2022,hsanchez@sanders.org
E0941,Phillip Taylor,Female,9/5/1996,engineering,70000,22-01-2021,trevorshaffer@strong.com
E0930,Phillip Turner,M,4/5/1986,R&D,not disclosed,11/8/2016,mestes@hotmail.com
E0598,Phillip White,M,9/19/1960,Marketing,not disclosed,26-03-2024,vlewis@adams-little.org
E0186,Rachel Flores,Male,10/13/1987,Support,70000,25-05-2022,nicholas87@atkinson.com
E0576,Rachel Mora,Female,6/6/1973,R&D,abc,13-06-2025,ellenjohnson@singleton.org
E0784,Rachel Moreno,F,10/21/1963,Support,45000,not available,tammymerritt@atkins.com
E0260,Randy Hayes,F,12/25/1990,R&D,50000,17-12-2019,mooregina@@terry.com
E0259,Randy Rodriguez,male,8/23/1966,Engineering,abc,1/4/2018,hedwards@hotmail.com
E0415,Ray Boyd,Female,8/20/1973,engineering,not disclosed,1/7/2023,sharon20@hotmail.com
E0656,Raymond Hamilton,F,3/19/1986,Support,not disclosed,31-01-2016,levinetina@liu.net
E0203,Raymond Johnson,female,1/19/1978,HR,not disclosed,12/2/2023,michaelpugh@yahoo.com
E0239,Raymond Mullins,Male,7/6/1968,Support,not disclosed,18-11-2017,bishopfrank@bowen-fuller.com
E0251,Raymond Shannon,male,4/29/2005,HR,50000,31-05-2017,williamsmichelle@williams.biz
E0242,Rebecca Allen,female,9/17/1985,Marketing,45000,15-05-2017,elittle@oneal.com
E0475,Rebecca Barron,M,7/7/1983,R&D,60000,30-07-2016,mary56@ferguson.com
E0585,Rebecca Harding,male,9/7/1983,Finance,45000,19-07-2023,jdixon@yahoo.com
E0408,Rebecca Harper,Male,12/11/1959,HR,abc,11/10/2024,robertcastro@yahoo.com
E0082,Rebecca Jackson,Male,10/28/1964,Support,55000,17-12-2021,jdurham@murray.info
E0682,Rebekah Henson,F,10/8/1982,Marketing,50000,25-11-2019,john55@gmail.com
E0964,Rhonda Dixon,M,1/12/1994,R&D,abc,6/5/2025,nicholasaguilar@hotmail.com
E0801,,Male,3/28/1986,Support,50000,25-02-2019,wallspatricia@yahoo.com
E0588,Rhonda Fernandez,Female,8/27/1960,R&D,50000,28-12-2015,reyesleonard@yahoo.com
E0935,Rhonda Lee,Female,1/24/1999,Marketing,70000,12/11/2015,arthurtaylor@ward.org
E0829,Rhonda Morrison,M,3/2/1985,HR,45000,26-12-2021,serranokathryn@michael.com
E0456,Ricardo Franklin,Female,5/3/1985,HR,not disclosed,not available,meyershannon@gmail.com
E0938,Richard Evans,female,6/24/1967,Sales,55000,8/12/2023,guzmanmark@nicholson.com
E0339,Richard Jennings,Female,1/9/1997,Sales,abc,not available,james73@bush.net
E0277,Richard Le,female,9/23/1962,Marketing,abc,7/1/2022,acosta@yahoo.com
E0133,Richard Marshall,F,1/6/1992,Sales,60000,21-07-2018,baldwinsherry@carter.com
E0032,Richard Rodriguez,F,2/1/1962,Finance,50000,17-06-2023,lisastevens@hoover-savage.com
E0811,,F,6/17/1988,R&D,45000,2/10/2015,linomar@torres.com
E0812,,F,6/12/1988,engineering,50000,9/8/2023,tschneider@adams.com
E0089,Richard Smith,female,12/19/1995,R&D,abc,21-07-2017,emily49@yahoo.com
E0413,Rick Rivera,male,5/24/1969,Engineering,not disclosed,28-05-2016,ejones@gmail.com
E0130,Riley Bryant,female,12/30/1966,Support,70000,15-12-2023,jennifercarter@mendez.org
E0835,Rita Dawson,F,8/25/1964,R&D,abc,28-06-2015,lukemyers@robles.com
E0861,Robert Clarke,Male,9/1/1991,Marketing,not disclosed,31-01-2019,mirandacisneros@henderson.com
E0433,Robert Davis,male,8/29/1986,Sales,55000,18-02-2025,cummingslaura@freeman.org
E0983,Robert Gross,female,30-02-1993,Engineering,60000,10/9/2017,tapiamercedes@lewis.org
E0850,Robert Hernandez,female,5/30/1999,R&D,50000,14-12-2021,robertsedward@yahoo.com
E0890,Robert Jimenez,F,2/15/1978,Sales,70000,14-08-2022,chavezcarolyn@reyes.org
E0318,Robert Sawyer,F,3/24/1979,Engineering,not disclosed,31-07-2021,grodgers@gmail.com
E0823,,Female,10/31/1995,Engineering,abc,5/6/2017,cynthia55@potts.com
E0824,,Male,7/17/1968,Finance,55000,26-05-2022,tracie05@gmail.com
E0526,Robert Walker PhD,male,6/15/1988,HR,55000,11/3/2021,david98@gmail.com
E0831,Robin Parker,female,1/16/1992,engineering,abc,30-01-2018,stephensjoseph@martinez.com
E0617,Roger Acosta,female,5/3/1972,R&D,50000,27-07-2022,bsparks@cherry-young.info
E0253,Roger Duncan,female,7/30/1967,Engineering,not disclosed,29-12-2023,jeffreyblack@finley.info
E0055,Roger Vargas,Male,5/20/1981,Support,45000,18-08-2019,nicole37@bishop.com
E0840,Ronald Brown,female,10/30/1968,R&D,abc,12/6/2017,squinn@watson-miles.org
E0234,Ronald Morgan,male,10/12/1998,engineering,not disclosed,3/9/2017,patricia00@@gmail.com
E0101,Ronald Ross,female,12/3/1965,Engineering,50000,8/10/2020,elizabeth52@hotmail.com
E0774,Ronald Simpson,F,2/1/1985,HR,55000,14-06-2016,mariaclark@hotmail.com
E0125,Ruth Solis,M,11/13/1968,HR,70000,15-09-2019,jsawyer@dawson.com
E0841,Ryan Harrell,Female,7/4/1961,Engineering,45000,13-12-2017,christianjones@hotmail.com
E0199,Ryan Newman,female,12/29/1981,R&D,60000,29-01-2025,hallrachel@clay.com
E0213,Ryan Pope,male,3/31/2005,Sales,45000,12/12/2023,john26@jones-ewing.info
E0414,Ryan Roth,female,4/23/1960,Sales,not disclosed,11/7/2017,cwise@rojas.com
E0342,Ryan Smith,Female,3/9/1991,Sales,not disclosed,31-01-2018,sarahcarlson@gilbert.org
E0222,Ryan Williamson,Female,4/16/2005,R&D,60000,6/7/2020,lawrenceallen@white.com
E0054,Samantha Garcia,F,2/6/1984,Finance,70000,10/4/2023,hthompson@nelson.info
E0137,Samantha Gardner,female,30-02-1993,Engineering,60000,13-03-2017,donna47@robbins.info
E0176,Samantha Gill,Female,12/31/1999,Engineering,not disclosed,4/11/2016,christian91@gmail.com
E0613,Samantha Marsh,M,12/20/1972,Sales,50000,20-11-2016,hunter69@gmail.com
E0506,Samantha Monroe,Male,7/21/1987,Engineering,50000,20-12-2021,kbarber@lane.com
E0846,,M,10/6/1980,Support,50000,6/5/2022,brianwatson@yahoo.com
E0490,Samantha Thompson,F,1/25/1987,Sales,70000,20-08-2016,pmurphy@brown.org
E0345,Samantha Zavala MD,Male,12/21/2004,Support,not disclosed,4/5/2021,rebeccaaustin@hotmail.com
E0962,Sandra Becker,male,4/23/1964,engineering,not disclosed,16-09-2022,angellawson@yahoo.com
E0028,Sandra Williams,Female,2/24/1982,HR,45000,4/9/2017,joycearnold@yahoo.com
E0366,Sara Black,female,1/22/1985,R&D,abc,31-03-2019,lisa57@yahoo.com
E0999,Sara Hodges,female,6/18/1963,Sales,70000,5/11/2023,vcollins@gmail.com
E0235,Sara Smith,M,3/15/1970,Marketing,abc,17-12-2022,braunronald@hotmail.com
E0643,Sarah Mclaughlin,female,12/31/1999,HR,abc,18-11-2024,freemantodd@hotmail.com
E0353,Sarah Phillips,male,8/7/2002,R&D,not disclosed,26-11-2017,susan08@hotmail.com
E0856,,M,6/13/1989,R&D,not disclosed,9/9/2021,christopher68@yahoo.com
E0857,,male,5/3/1977,Marketing,70000,6/3/2016,hollycastro@farrell.biz
E0360,Sarah Trevino,Male,12/23/1968,Sales,55000,12/8/2024,jessica11@atkinson.com
E0750,Scott Cross,female,12/2/1984,HR,not disclosed,24-10-2023,vbentley@yahoo.com
E0951,Scott Cruz,Male,9/25/1960,Sales,abc,17-12-2021,nwilliams@yahoo.com
E0465,Scott Estrada,Male,7/3/2000,R&D,70000,12/7/2020,williamsrobert@@gmail.com
E0020,Scott Pierce,male,11/23/1962,Finance,60000,25-08-2024,housemelinda@russell.com
E0863,,Male,12/19/1972,Marketing,55000,24-05-2021,salvarez@@gmail.com
E0574,Scott Thomas,female,11/14/1974,engineering,not disclosed,6/9/2020,davidmiller@@hines.info
E0305,Sean Silva,F,9/8/2001,R&D,70000,30-08-2016,vincentdillon@yahoo.com
E0138,Sergio Gomez,male,1/18/1989,Engineering,50000,15-02-2020,lambertrichard@owen.com
E0763,Seth Morales,Male,11/25/1968,Sales,not disclosed,21-11-2015,stephanie35@montgomery-hopkins.info
E0868,,Male,6/6/1988,Engineering,not disclosed,8/5/2024,housestephen@yahoo.com
E0960,Shannon Riley,F,4/22/1962,Support,55000,12/11/2024,lynnvictoria@@smith-kirk.com
E0987,Sharon Burke,M,6/8/1975,Engineering,70000,11/12/2015,william60@hotmail.com
E0603,Sharon Lester,M,2/24/1987,Sales,60000,20-08-2021,uhahn@young.net
E0476,Sharon Walton,male,11/7/1980,R&D,60000,28-12-2015,pmiller@yahoo.com
E0154,Shawn Jimenez,M,7/31/1965,Engineering,70000,21-02-2022,jasongomez@gmail.com
E0403,Shawn Kelley,F,3/31/1961,Support,70000,16-03-2022,bakereric@huynh.com
E0639,Sheila Church,M,5/29/2000,Marketing,not disclosed,25-09-2023,hannah64@gmail.com
E0249,Shelley Quinn,M,6/27/1967,engineering,not disclosed,14-12-2015,enelson@yahoo.com
E0386,Sherri Li,Male,7/29/1998,Support,abc,16-09-2019,xhart@gmail.com
E0970,Sherri Smith,Male,9/3/1967,R&D,not disclosed,29-07-2022,inewton@gmail.com
E0236,Sonia Turner,M,2/5/1978,Finance,55000,14-01-2017,christopher20@yahoo.com
E0486,Sonya Chavez,M,7/6/1961,Engineering,55000,25-07-2016,bellsteven@gmail.com
E0422,Sonya Harvey,Male,3/24/1984,Finance,45000,7/7/2019,barrettamber@yahoo.com
E0933,Spencer Chandler,F,8/3/1985,Finance,55000,7/8/2022,salazardanny@jones.com
E0706,Stacey Morgan,F,10/4/1973,Marketing,55000,22-08-2020,mikewatson@gmail.com
E0884,,male,6/21/1976,engineering,not disclosed,24-05-2018,suzanne19@collins.info
E0662,Stephanie Burton,male,9/28/1995,Engineering,abc,7/6/2019,justin92@hotmail.com
E0655,Stephanie Crane,female,7/30/1994,Sales,60000,9/8/2021,athomas@drake.com
E0177,Stephanie Harris,F,12/21/1995,R&D,45000,1/1/2018,melissa71@harris.net
E0021,Stephanie Martin,female,8/7/1959,R&D,70000,not available,smitchell@hotmail.com
E0257,Stephanie Meyer,female,10/19/1984,HR,60000,2/4/2023,wagnerdana@jones-bradley.biz
E0818,Stephanie West,Female,6/11/1967,Marketing,60000,14-11-2022,gbarnes@jackson.com
E0150,Stephen Gardner,Female,2/18/2003,HR,50000,4/8/2020,lindacohen@yahoo.com
E0832,Stephen Perry,Female,7/15/1959,Marketing,45000,8/4/2019,ronaldhernandez@mitchell.com
E0886,Steve Rubio,female,9/2/1976,engineering,70000,8/6/2025,cassandra85@yahoo.com
E0283,Steven Baker,Female,2/17/2003,Sales,45000,16-09-2024,nathanjames@gmail.com
E0039,Steven Flynn,female,12/31/1970,R&D,55000,22-11-2016,clarence34@gmail.com
E0547,Steven Gordon,female,3/25/1988,R&D,45000,2/3/2020,watsonshaun@rose.net
E0362,Steven Lawrence,Male,4/3/1979,engineering,60000,23-09-2017,sanderswayne@hotmail.com
E0865,Steven Peck,male,6/9/1993,HR,50000,1/11/2020,ubaker@@mcneil.info
E0142,Steven Wallace,Male,6/5/1965,Sales,50000,20-11-2020,piercekelly@yahoo.com
E0180,Steven West,M,2/20/1985,Finance,50000,4/11/2021,desireebailey@haney.net
E0599,Susan Michael,female,2/7/2002,Sales,55000,21-06-2016,steven32@jennings.com
E0891,Susan Mitchell DVM,M,11/11/1986,R&D,70000,30-01-2016,deanna17@gallegos.com
E0953,Susan Patrick,female,9/1/1999,engineering,55000,19-02-2019,jessica96@patton-mcfarland.com
E0904,,M,8/28/2001,Marketing,70000,2/5/2022,ugarcia@hotmail.com
E0390,Susan Porter,F,1/14/1973,engineering,55000,13-06-2019,jamie33@kelly.com
E0207,Susan Spence,Male,5/17/1998,HR,55000,26-04-2024,rjackson@adams-thomas.com
E0600,Susan Walters,M,7/9/1987,Sales,45000,29-12-2019,jonathanburke@yahoo.com
E0187,Suzanne Hart,female,10/18/1987,Support,not disclosed,6/12/2024,nsanchez@lucas-nielsen.com
E0270,Suzanne Johnson,female,5/21/1983,engineering,55000,9/2/2025,marycochran@weaver-thompson.com
E0048,Tamara Hooper,male,10/19/1995,Sales,50000,29-11-2015,millerroy@yahoo.com
E0725,Tamara Reed,female,9/11/1979,HR,70000,8/2/2022,nwright@reynolds.org
E0623,Tammy Black,female,2/8/1989,engineering,45000,5/4/2018,jgallagher@hotmail.com
E0756,Tammy Booth,male,30-02-1993,Marketing,60000,12/3/2025,josephclark@hotmail.com
E0012,Tammy Sellers,Male,3/17/2000,Engineering,60000,19-12-2020,rodriguezmichael@yahoo.com
E0859,Tammy Tate,M,1/9/1973,Sales,70000,13-04-2022,stewartwendy@yahoo.com
E0625,Tammy Williams MD,female,30-02-1993,Finance,50000,15-09-2023,urodriguez@gmail.com
E0875,Tanner Holmes,M,3/20/1989,Engineering,45000,20-05-2019,williamwelch@cameron-burton.com
E0356,Tara Gamble,male,11/3/1990,Marketing,50000,20-10-2024,emily41@swanson.com
E0127,Tara Perry,female,6/6/1986,HR,50000,29-12-2023,paulmiller@gmail.com
E0920,,female,12/18/1975,Finance,abc,28-04-2025,christineyoder@yahoo.com
E0921,,Female,2/4/1963,Finance,60000,17-02-2022,dsantiago@stevens.com
E0644,Taylor Stein,M,8/26/1992,Engineering,not disclosed,26-05-2019,hendersonleslie@adams.biz
E0355,Taylor York,Female,2/22/1969,R&D,abc,11/3/2018,christinaking@white.com
E0924,,Female,2/9/1973,Sales,45000,27-05-2017,hernandeznichole@davis.net
E0263,Teresa Miller,male,5/4/1999,engineering,not disclosed,9/11/2019,osbornjames@ramos.com
E0090,Teresa Rodriguez,Male,30-02-1993,Support,50000,22-06-2023,rose31@colon.biz
E0068,Terri Mason,male,1/20/1993,Engineering,50000,25-11-2022,prestonjessica@wright.org
E0928,Terry Kelly,M,12/6/1968,R&D,abc,not available,albert25@hotmail.com
E0189,Terry Lewis,F,5/20/1972,Marketing,55000,12/6/2017,heatherpadilla@@yahoo.com
E0428,Theresa Hansen,M,6/7/1997,Finance,50000,7/7/2022,emily61@sparks.biz
E0742,Theresa Stevenson,M,10/26/1981,Finance,60000,26-09-2017,dawn08@@yahoo.com
E0298,Thomas Holland,M,5/11/2000,engineering,45000,6/8/2015,charlene44@woodard-york.info
E0365,Thomas Keith,female,3/2/1962,R&D,70000,18-12-2020,mary49@hudson.org
E0806,Tiffany Moyer,Female,7/16/1977,Finance,45000,22-06-2017,zpierce@hotmail.com
E0629,Tiffany Nguyen,Female,3/8/1998,Sales,not disclosed,26-08-2017,solisjustin@manning.org
E0448,Tiffany Perez,Female,9/17/1982,Sales,70000,19-02-2022,blairabigail@salazar.com
E0128,Timothy Combs,Male,9/6/2003,Marketing,50000,not available,benjaminlowery@horton-taylor.info
E0352,Timothy James,Female,5/31/2004,R&D,70000,23-12-2015,amandataylor@yahoo.com
E0916,Timothy Wright,Female,10/20/2002,R&D,60000,9/1/2022,grasmussen@yahoo.com
E0940,,F,2/9/1999,R&D,70000,19-06-2023,johnsonrobert@gmail.com
E0836,Tina Ramirez,male,8/10/1965,R&D,abc,12/12/2020,katrinagomez@coleman-steele.biz
E0671,Tina Wu,F,4/30/1978,Finance,70000,16-12-2016,armstronglaura@parker.com
E0690,Todd Reynolds,F,2/20/1987,R&D,70000,11/2/2020,hsimpson@stephenson.com
E0171,Todd Rosales MD,M,7/28/1972,engineering,not disclosed,14-05-2017,jessicawong@hotmail.com
E0264,Tom Williams,Female,7/3/1998,HR,55000,27-10-2022,rjohnson@yahoo.com
E0647,Toni Whitaker,male,4/4/2005,Support,60000,31-07-2021,christycampbell@hotmail.com
E0976,Tony Khan,F,10/15/1973,HR,45000,11/10/2022,cory42@gmail.com
E0789,Tony Rhodes,F,3/14/1969,Engineering,55000,26-07-2024,sotojoseph@terry.net
E0387,Tonya Ellis,F,10/21/1990,Marketing,abc,8/6/2025,ewilson@schultz-gamble.com
E0399,Tracey Gonzalez,male,8/22/1998,Support,60000,11/8/2024,michael87@griffin.info
E0276,Tracey Underwood,female,1/17/2005,HR,55000,1/3/2021,bakerjohn@gmail.com
E0402,Tracie Gutierrez,Male,12/19/1971,HR,45000,5/11/2015,ebonyshepard@brady.com
E0709,Tracy Blackwell,M,9/9/1973,Engineering,55000,1/11/2016,jacksonpaul@hotmail.com
E0954,,male,11/19/1966,HR,45000,12/11/2024,michele87@yahoo.com
E0793,Travis Price,Female,12/10/1982,engineering,55000,30-06-2024,qvargas@gmail.com
E0730,Travis Taylor,F,6/13/1978,Finance,not disclosed,not available,lawsongregory@nichols.com
E0477,Trevor Robinson,female,1/10/1980,Finance,45000,6/6/2018,kristen31@hunter-lloyd.net
E0010,Tricia Valencia,F,3/26/1960,Finance,60000,26-05-2017,daniel62@yahoo.com
E0911,Troy Fowler,Male,2/3/1978,engineering,not disclosed,20-09-2024,josephshelton@yahoo.com
E0819,Tyler Brown,M,5/24/1972,Engineering,70000,19-03-2022,martinkaren@yahoo.com
E0396,Tyler Hernandez,M,2/12/1960,engineering,abc,16-06-2018,otaylor@hotmail.com
E0919,Tyrone Murray,male,6/26/1997,HR,abc,26-11-2015,camposchristina@yahoo.com
E0855,Valerie Freeman,male,3/9/1984,Marketing,70000,30-04-2020,rvincent@gmail.com
E0707,Vanessa Cuevas,F,12/19/1988,HR,60000,25-07-2016,nicoleanderson@lee.com
E0543,Vanessa Ford,M,30-02-1993,Engineering,70000,7/5/2022,courtney01@barry-cook.com
E0060,Vanessa Warren,female,9/16/1978,Engineering,45000,28-02-2017,jeremy24@erickson.com
E0579,Vicki Coleman,female,6/12/1994,Finance,60000,28-04-2019,juarezleon@yahoo.com
E0385,Victor Gibson,Male,12/10/1986,Engineering,55000,26-03-2025,gregory81@jones.net
E0363,Victor Holden,Female,9/27/1970,R&D,55000,13-03-2024,kmoore@hopkins.info
E0334,Victor Waller,M,4/8/1990,engineering,50000,20-09-2017,vmorrison@evans.net
E0787,Victoria Bell,Female,1/29/1996,Engineering,60000,20-02-2024,batesbradley@lopez.com
E0786,Vincent Jackson,F,3/28/2004,Sales,45000,15-06-2015,brandon84@ferguson.com
E0527,Vincent Lewis,female,7/22/1962,HR,45000,27-05-2018,martinezdonald@yahoo.com
E0238,Virginia Henderson,Female,6/12/1968,HR,70000,31-07-2023,patrickcross@garcia.com
E0779,Virginia Hernandez,F,7/7/1988,engineering,70000,25-04-2018,kellythomas@wilson.com
E0455,Virginia Todd,F,30-02-1993,Support,50000,19-06-2018,dwatts@gmail.com
E0227,Wanda Garcia,female,12/8/2003,Engineering,50000,31-08-2019,colemichael@gmail.com
E0738,Wanda Jefferson,Female,2/13/1971,R&D,abc,27-09-2019,tina62@thompson-gill.com
E0979,,male,30-02-1993,Engineering,50000,8/1/2023,hphillips@mccarthy.biz
E0816,Warren Henson,female,5/30/1972,Support,60000,25-09-2018,jonesamy@yahoo.com
E0913,Wayne Porter,female,6/18/1969,Support,60000,21-05-2023,cindy24@roberts-marsh.com
E0700,Wesley Holmes,male,3/16/2004,Support,abc,29-11-2017,williamconley@henderson.com
E0115,Wesley Stewart,Male,5/18/1989,Sales,not disclosed,12/8/2016,ywelch@yahoo.com
E0181,William Davenport,female,12/31/1960,Sales,abc,11/7/2020,opatel@gmail.com
E0165,William Evans,F,2/13/1979,Sales,55000,23-12-2018,timothy84@yahoo.com
E0191,William Harrison,Female,3/30/1981,Sales,70000,not available,robert93@hotmail.com
E0392,William Moon IV,female,7/26/1974,Support,45000,6/4/2025,foxrodney@johnson.com
E0268,William Moreno,F,3/12/1999,engineering,70000,31-05-2019,wrightjohn@velasquez.com
E0502,William Phillips,M,11/7/1970,Engineering,50000,20-01-2016,bryan79@gmail.com
E0292,William Ramos,male,4/15/1981,Sales,abc,14-01-2020,lopezjason@yahoo.com
E0152,William Reed,Male,8/2/1986,engineering,not disclosed,4/9/2017,floressteven@yahoo.com
E0233,William Reid,F,10/30/1983,engineering,45000,12/7/2016,tammysummers@yahoo.com
E0445,William Romero,male,3/25/1966,Finance,abc,26-10-2020,lopezvincent@yahoo.com
E0634,William Sutton,female,11/23/1979,Finance,60000,7/9/2019,ashley81@gmail.com
E0833,William Walker DVM,F,8/18/1978,Marketing,55000,13-07-2021,david10@hernandez.com
E0996,,male,30-02-1993,HR,70000,10/3/2020,rebecca88@gmail.com
E0997,Willie Luna,female,10/25/1984,Engineering,45000,1/10/2024,bwalker@wise-west.info
E0762,Yvonne Montoya,male,1/12/1984,Marketing,60000,26-03-2022,hestermorgan@gmail.com
E0122,Zachary Moore,Female,7/31/1979,Sales,60000,4/3/2017,nancy92@bennett.org
E0496,Zachary Santiago,female,8/3/1968,engineering,abc,26-08-2015,thomasnicole@kim.biz
